PERIOD_BEGIN,MEDIAN_SALE_PRICE,HOMES_SOLD,NEW_LISTINGS,INVENTORY,MONTHS_OF_SUPPLY,MEDIAN_DOM,PRICE_DROPS
2012-01-01,159752.819152492,6119.428430724,9475.590767311,43739.376450124,7.59153968,83.90507362,0.2724619063
2012-01-01,110000.0,1092.0,2353.0,11305.0,10.4,107.0,0.2529854047
2012-01-01,174879.911628525,3472.745107767,5322.990477115,24277.746270997,7.551241599,79.562571905,0.2783616968
2012-01-01,152047.94363935,574.514680263,938.795792996,4240.141543706,8.093431341,95.997289631,0.2801031133
2012-01-01,140000.0,357.0,754.0,3866.0,10.8,122.0,0.2553026384
2012-01-01,152000.0,2266.0,4445.0,21693.0,9.6,92.0,0.2644631909
2012-01-01,105000.0,268.0,571.0,2632.0,9.8,77.0,0.2640577508
2012-01-01,129589.883303173,1717.29412864,2703.900250995,12343.32634891,7.6421954,85.116036331,0.2789040195
2012-01-01,140000.0,3983.0,8123.0,39496.0,9.9,97.0,0.2601276079
2012-02-01,144493.555956777,579.145922897,941.936842801,4056.289443239,7.399853316,81.798945213,0.2988460504
2012-02-01,130000.0,390.0,905.0,3877.0,9.9,107.0,0.2605107042
2012-02-01,150000.0,2396.0,5393.0,22016.0,9.2,98.0,0.2648528343
2012-02-01,159593.222082289,6337.909906001,9385.476317005,42521.413438367,6.957689287,82.563997098,0.274944122
2012-02-01,101200.0,1236.0,2791.0,11478.0,9.3,112.0,0.2314863217
2012-02-01,93750.0,292.0,548.0,2605.0,8.9,71.0,0.2395393474
2012-02-01,135000.0,4314.0,9637.0,39976.0,9.3,100.0,0.2531268761
2012-02-01,175677.03508191,3571.605137608,5329.375950311,23707.114200794,6.686065781,78.744315634,0.2835774647
2012-02-01,127002.172924187,1796.344963587,2620.100931064,11889.726833871,6.435816344,86.599679399,0.2710462074
2012-03-01,157249.766735822,6100.007017214,9497.052160944,41730.624003462,7.262461393,86.542200201,0.2745321806
2012-03-01,150000.0,5730.0,11617.0,40661.0,7.1,102.0,0.2690046974
2012-03-01,123645.344704262,1699.690932239,2583.258525191,11549.232997695,7.559969498,94.397904376,0.2675831811
2012-03-01,145000.0,531.0,1118.0,3969.0,7.5,112.0,0.2585034014
2012-03-01,146107.847510946,553.710707121,890.362004058,4058.572880077,7.814584692,95.514197229,0.2788730965
2012-03-01,85000.0,319.0,682.0,2591.0,8.1,76.0,0.2624469317
2012-03-01,122500.0,1581.0,3208.0,11524.0,7.3,114.0,0.2572891357
2012-03-01,173947.860235815,3600.038839327,5391.342101011,23431.531156202,6.740279179,80.162895609,0.2830671068
2012-03-01,165000.0,3299.0,6609.0,22577.0,6.8,98.0,0.2778048456
2012-04-01,171192.532974051,3498.089681354,5285.981029498,22633.763290126,6.878555072,79.597153508,0.2719492284
2012-04-01,153915.973884168,6067.721410554,9272.980106547,40307.880697776,6.941662318,85.704184561,0.2648170248
2012-04-01,105766.5,350.0,641.0,2626.0,7.5,73.0,0.2437166794
2012-04-01,156500.0,6041.0,11111.0,40751.0,6.7,87.0,0.2658339673
2012-04-01,147400.12722929,553.794287016,854.158009664,3986.838187684,7.331020446,95.261899065,0.2772149043
2012-04-01,174000.0,3412.0,6426.0,22825.0,6.7,83.0,0.2732968237
2012-04-01,117810.172560644,1647.456808445,2459.694178782,11013.834244513,6.911170442,99.724337155,0.2575174748
2012-04-01,128000.0,1730.0,2953.0,11275.0,6.5,97.0,0.2546341463
2012-04-01,150000.0,549.0,1091.0,4025.0,7.3,88.0,0.2698136646
2012-05-01,140000.0,333.0,685.0,2663.0,8.0,64.0,0.2561021404
2012-05-01,185000.0,4166.0,6553.0,22955.0,5.5,66.0,0.2846874319
2012-05-01,170000.0,7273.0,11190.0,40555.0,5.6,70.0,0.2727653803
2012-05-01,155487.203302175,6030.757153084,9229.782616165,38902.804958441,6.633390702,79.570038964,0.2567280957
2012-05-01,170651.138174846,3503.615988779,5259.009969711,21976.125579317,6.245317525,76.044579513,0.2642501405
2012-05-01,144097.820343721,548.100281749,775.713586345,3758.277420794,7.014910231,97.349728139,0.2639308236
2012-05-01,140000.0,2130.0,2952.0,11013.0,5.2,77.0,0.2527921547
2012-05-01,151500.0,644.0,1000.0,3924.0,6.1,78.0,0.2724260958
2012-05-01,119760.329511503,1671.831700371,2440.492757619,10599.4667168,6.576607365,90.475046028,0.2431116424
2012-06-01,174956.167027014,3428.744324821,5329.168891923,21456.99018433,6.197530827,74.029861974,0.2614297252
2012-06-01,154349.737411417,5937.399600416,9272.670921736,37778.759446278,6.451938594,75.991442897,0.2557048488
2012-06-01,205000.0,4623.0,6389.0,23098.0,5.0,59.0,0.2809334141
2012-06-01,149199.574909333,542.227028984,871.792240051,3700.674874549,7.026616361,86.535236669,0.2554639065
2012-06-01,143750.0,2228.0,2695.0,10666.0,4.8,71.0,0.2575473467
2012-06-01,119741.626026472,1723.808628271,2389.975874607,10129.039097535,6.284787762,86.130987788,0.2460843352
2012-06-01,113000.0,346.0,630.0,2641.0,7.6,51.0,0.2620219614
2012-06-01,161750.0,710.0,1048.0,3920.0,5.5,66.0,0.2778061224
2012-06-01,181000.0,7907.0,10762.0,40325.0,5.1,62.0,0.2731308122
2012-07-01,171453.277816748,3508.709256537,5320.964456673,20847.82974871,5.949528821,72.78810983,0.2536076595
2012-07-01,117191.548446555,1699.988023407,2452.605386566,9792.633049361,5.944760492,87.122194197,0.2376478125
2012-07-01,172000.0,7373.0,9917.0,39710.0,5.4,63.0,0.2718962478
2012-07-01,120000.0,327.0,624.0,2602.0,8.0,44.0,0.2544196772
2012-07-01,135000.0,2043.0,2635.0,10426.0,5.1,71.0,0.2580088241
2012-07-01,152142.675728753,6087.976843749,9296.295884578,36599.213143877,6.054875242,75.498548333,0.2478995672
2012-07-01,150000.0,699.0,971.0,3832.0,5.5,77.0,0.267223382
2012-07-01,195000.0,4304.0,5687.0,22850.0,5.3,59.0,0.2811378556
2012-07-01,143156.379905207,581.079424616,856.489815425,3563.560752335,6.099665193,96.439087716,0.2422483581
2012-08-01,170000.0,8021.0,9626.0,38419.0,4.8,65.0,0.2835055571
2012-08-01,140000.0,2316.0,2575.0,9941.0,4.3,71.0,0.2597324213
2012-08-01,151929.963316332,558.489566827,835.268640679,3414.373019581,5.95579725,84.996042733,0.234011797
2012-08-01,155052.020259864,6381.817856595,9295.501035812,35907.215569067,5.703033785,73.922722487,0.2459088425
2012-08-01,170128.981266998,3599.658592182,5329.243772691,20605.56678835,5.903300567,70.759612437,0.2536805291
2012-08-01,120000.0,404.0,629.0,2551.0,6.3,67.0,0.268130145
2012-08-01,124198.580379986,1852.812147994,2479.55594004,9454.911081716,5.329064472,81.657429946,0.2329907804
2012-08-01,185600.0,4578.0,5509.0,22287.0,4.9,60.0,0.2963162382
2012-08-01,157750.0,723.0,913.0,3640.0,5.0,74.0,0.2813186813
2012-09-01,159900.0,6536.0,8737.0,37539.0,5.7,63.0,0.2541356989
2012-09-01,124000.0,352.0,574.0,2511.0,7.1,57.0,0.2465153325
2012-09-01,178000.0,3656.0,4901.0,21745.0,5.9,62.0,0.2610255231
2012-09-01,158353.904690373,6767.070345176,9479.582160438,35044.174532397,5.137109946,70.103639679,0.2394131952
2012-09-01,129702.963325779,1907.396069485,2524.816266492,9139.533717482,4.824296922,72.001325362,0.2290364948
2012-09-01,130000.0,1865.0,2423.0,9737.0,5.2,64.0,0.2420663449
2012-09-01,148768.486379094,669.108889149,882.250526221,3310.303273374,4.842326364,82.156639535,0.2223593132
2012-09-01,150000.0,663.0,839.0,3546.0,5.3,75.0,0.2518330513
2012-09-01,176058.712061069,3798.872529488,5456.273994173,20235.738261053,5.320288404,68.990992944,0.2454603686
2012-10-01,140000.0,705.0,780.0,3330.0,4.7,76.0,0.2708708709
2012-10-01,154000.0,7208.0,8666.0,35513.0,4.9,66.0,0.2681553234
2012-10-01,161568.935559325,7020.360591711,9603.191764143,34186.632235675,4.896149002,68.44958888,0.2379726221
2012-10-01,136303.085936493,2038.04182558,2614.560260469,8989.742208011,4.497550044,72.491404533,0.2188138901
2012-10-01,125000.0,2058.0,2322.0,9290.0,4.5,68.0,0.2498385361
2012-10-01,174466.036761582,3925.825343354,5529.456651221,19730.61763785,5.202873538,67.269423412,0.2468210069
2012-10-01,141424.715498683,675.32397177,894.764749614,3215.384910399,4.792687086,78.217050414,0.2251087824
2012-10-01,125000.0,391.0,597.0,2364.0,6.0,59.0,0.2686125212
2012-10-01,167000.0,4054.0,4967.0,20529.0,5.1,65.0,0.2760972283
2012-11-01,140000.0,666.0,621.0,3020.0,4.5,71.0,0.2109271523
2012-11-01,155000.0,6629.0,6573.0,32660.0,4.9,68.0,0.2153398653
2012-11-01,115000.0,1800.0,1770.0,8516.0,4.7,71.0,0.2145373415
2012-11-01,133985.061567172,2169.779263777,2690.855981603,8898.20027831,4.346704112,70.050148897,0.2251978315
2012-11-01,164998.367920418,7424.940539655,9710.416650867,34002.739310888,4.710146854,65.459747616,0.2348308898
2012-11-01,172000.0,3792.0,3741.0,18896.0,5.0,66.0,0.2165008467
2012-11-01,146733.547140153,713.275577261,948.5326238,3165.67184867,4.474770258,67.849953298,0.2224989819
2012-11-01,182353.612719776,4183.025792264,5550.131664306,19734.517215228,4.985411587,63.5312273,0.2428831019
2012-11-01,145000.0,371.0,441.0,2228.0,6.0,67.0,0.2172351885
2012-12-01,162316.994972692,7614.118318463,9991.190067459,34563.742905708,4.759903249,62.948231663,0.2310141142
2012-12-01,167000.0,3650.0,3026.0,17297.0,4.7,69.0,0.1616465283
2012-12-01,120000.0,365.0,353.0,1995.0,5.5,68.0,0.1844611529
2012-12-01,151000.0,6430.0,5215.0,29722.0,4.6,69.0,0.1597806339
2012-12-01,142975.331047867,723.181731777,973.362586842,3176.41031445,4.688409529,65.168741523,0.2300843801
2012-12-01,180092.284709466,4291.390043796,5756.793057662,20134.275088471,5.060362669,63.521846003,0.238412141
2012-12-01,120550.0,1820.0,1381.0,7695.0,4.2,67.0,0.1495776478
2012-12-01,137000.0,595.0,455.0,2735.0,4.6,77.0,0.160511883
2012-12-01,132540.527624575,2180.075094829,2950.070948466,9066.782054244,4.223090593,62.558856508,0.2191402938
2013-01-01,161820.886827032,8148.988222953,10020.231414401,33958.510134155,4.333028309,61.399283931,0.2417647448
2013-01-01,141000.0,5455.0,9038.0,29731.0,5.5,75.0,0.2302647069
2013-01-01,137846.067366532,771.629213182,1063.677863909,3110.883844434,4.22536207,58.87688887,0.2628793744
2013-01-01,128000.0,497.0,894.0,2757.0,5.5,75.0,0.2412042075
2013-01-01,131869.400265406,2312.343582966,2821.891633155,8742.75586274,3.905278717,61.284808373,0.233663324
2013-01-01,118000.0,301.0,549.0,1988.0,6.6,51.0,0.2303822938
2013-01-01,110000.0,1524.0,2474.0,7704.0,5.1,78.0,0.2154724818
2013-01-01,179149.148550832,4673.158207134,5828.077790087,19870.939143527,4.448917193,61.052346036,0.2486080402
2013-01-01,156000.0,3133.0,5121.0,17282.0,5.5,74.0,0.2353315588
2013-02-01,153000.0,2937.0,5447.0,17337.0,5.9,75.0,0.1985349253
2013-02-01,104750.0,1404.0,2722.0,7832.0,5.6,71.0,0.1837334014
2013-02-01,101500.0,294.0,551.0,1961.0,6.7,71.0,0.19581846
2013-02-01,178950.980621605,4550.751929372,5691.611078517,19029.740947404,4.393244174,55.27648207,0.2393779082
2013-02-01,132036.226422961,2144.137325412,2674.293323878,8243.75772631,4.056332228,54.387409997,0.2267790779
2013-02-01,146364.539437163,788.215924873,959.225866256,2944.054461911,4.130448529,57.372657436,0.2406843386
2013-02-01,138000.0,515.0,895.0,2704.0,5.3,76.0,0.1908284024
2013-02-01,139000.0,5150.0,9615.0,29834.0,5.8,74.0,0.1937386874
2013-02-01,163181.470783065,7830.4766714,9832.515451694,32463.211247668,4.468569672,55.981061639,0.2335408435
2013-03-01,155000.0,6877.0,10864.0,29598.0,4.3,67.0,0.2021420366
2013-03-01,163564.738018011,7755.132837137,9668.542866394,30731.332920313,4.153244937,51.763970971,0.2185865344
2013-03-01,136300.0,700.0,1037.0,2686.0,3.8,72.0,0.2006701415
2013-03-01,178922.021868636,4458.742067504,5603.059674659,18105.187015237,4.243503157,47.281140145,0.223569412
2013-03-01,125862.895849456,2132.04226867,2540.635546269,7759.182192685,3.745344702,54.624276593,0.2124377945
2013-03-01,140613.831051633,764.223897861,888.969075594,2791.128892203,3.798967443,61.530588889,0.2259601721
2013-03-01,124900.0,1913.0,2985.0,7734.0,4.0,67.0,0.1967933799
2013-03-01,127500.0,383.0,594.0,1929.0,5.0,62.0,0.1912908243
2013-03-01,170000.0,3881.0,6248.0,17249.0,4.4,66.0,0.2061568787
2013-04-01,173000.0,7931.0,12783.0,30195.0,3.8,50.0,0.2232488823
2013-04-01,187000.0,4476.0,7421.0,17778.0,4.0,49.0,0.2296096299
2013-04-01,125000.0,408.0,676.0,1943.0,4.8,56.0,0.2156459084
2013-04-01,148000.0,2325.0,3445.0,7752.0,3.3,50.0,0.2091073271
2013-04-01,136414.082294605,2116.315914088,2644.474030582,7490.45282888,3.887909805,54.866316849,0.2045963456
2013-04-01,168244.49652303,7377.544964622,9907.44866694,29621.680403592,4.245313861,51.909518285,0.2176057341
2013-04-01,145331.217393049,703.022999109,932.984142257,2679.460433496,4.00796678,57.591812923,0.2339827359
2013-04-01,183896.14745083,4253.716634058,5710.068558929,17584.623475295,4.250232694,49.626040628,0.2241287687
2013-04-01,149950.0,722.0,1241.0,2722.0,3.8,53.0,0.2296105805
2013-05-01,144300.0,401.0,639.0,1984.0,4.9,49.0,0.2026209677
2013-05-01,160750.0,2884.0,3328.0,7723.0,2.7,45.0,0.2118347792
2013-05-01,200000.0,5270.0,7527.0,18382.0,3.5,43.0,0.2417038407
2013-05-01,183000.0,9482.0,12670.0,30832.0,3.3,44.0,0.2290477426
2013-05-01,139033.746713269,2251.361855479,2686.998076672,7309.099573775,3.480993083,53.732230449,0.200451786
2013-05-01,185174.491527211,4336.298591137,5802.06905935,17398.796408233,4.13783684,53.654201129,0.2196705516
2013-05-01,155000.0,927.0,1176.0,2743.0,3.0,42.0,0.2132701422
2013-05-01,169447.139559046,7720.703953074,10028.582852422,29282.080900869,4.047284845,53.896406236,0.2110316779
2013-05-01,150860.953501189,762.603045918,917.240050075,2598.161214546,3.600543682,52.752472839,0.2048066289
2013-06-01,195128.306305305,4387.504736163,5934.116591332,17317.230933123,3.910924355,52.340616946,0.2175835674
2013-06-01,158238.080804207,796.375902057,917.544858287,2478.040238079,3.282348917,51.156270854,0.1950073837
2013-06-01,207000.0,9567.0,12064.0,31447.0,3.3,40.0,0.2203071835
2013-06-01,172000.0,973.0,1082.0,2714.0,2.8,39.0,0.213706706
2013-06-01,145000.0,395.0,674.0,2075.0,5.3,44.0,0.1918072289
2013-06-01,149562.789254156,2138.981724327,2788.51059194,7157.647294514,3.491538062,54.017030254,0.193821253
2013-06-01,178940.38516378,7684.126808499,10275.906141288,28916.419724738,3.867162431,53.646379602,0.2071750997
2013-06-01,175000.0,2676.0,3156.0,7695.0,2.9,44.0,0.1981806368
2013-06-01,225000.0,5523.0,7152.0,18963.0,3.4,37.0,0.233612825
2013-07-01,202500.0,10134.0,11805.0,31890.0,3.1,38.0,0.2483223581
2013-07-01,182301.924194672,8101.787946425,10400.108844474,28791.954017008,3.599425271,50.684290935,0.2149023424
2013-07-01,155007.528636644,2284.440285807,2836.515374565,7063.432992227,3.304484857,47.279769473,0.1996437619
2013-07-01,161766.554684487,798.392428551,942.196782258,2440.571931494,3.192906207,49.372609819,0.2048402103
2013-07-01,200279.200418528,4602.384510444,6012.544694762,17352.030669789,3.852222907,51.267727924,0.2251709338
2013-07-01,175000.0,2872.0,3174.0,7697.0,2.7,38.0,0.2254124984
2013-07-01,170000.0,983.0,1099.0,2716.0,2.8,39.0,0.234904271
2013-07-01,145000.0,446.0,669.0,2117.0,4.7,46.0,0.217288616
2013-07-01,224000.0,5833.0,6863.0,19360.0,3.3,37.0,0.262964876
2013-08-01,153250.0,422.0,690.0,2188.0,5.2,39.0,0.2138939671
2013-08-01,200590.09408561,4698.651380503,6264.911551431,17770.697762701,3.877478999,48.87084459,0.2297161149
2013-08-01,159574.435099286,2330.757757007,2842.748211079,7038.768700981,3.285934153,46.24495413,0.2020198907
2013-08-01,216500.0,5762.0,6539.0,19455.0,3.4,38.0,0.2688768954
2013-08-01,198000.0,9964.0,11215.0,31867.0,3.2,39.0,0.2524868987
2013-08-01,160694.641743741,778.631569859,975.053224565,2465.071754447,3.226103927,43.767171663,0.2141189233
2013-08-01,169000.0,975.0,1073.0,2699.0,2.8,38.0,0.2586143016
2013-08-01,182420.914926332,8160.490672273,10797.02129738,29260.495505768,3.63613515,48.225013393,0.2188054476
2013-08-01,176000.0,2805.0,2913.0,7525.0,2.7,40.0,0.2198006645
2013-09-01,160000.0,2331.0,2784.0,7829.0,3.4,44.0,0.2122876485
2013-09-01,150000.0,432.0,631.0,2226.0,5.2,43.0,0.2124887691
2013-09-01,198126.031630541,4733.245244099,6191.952829096,18150.592517393,3.998737941,47.259294585,0.2316404182
2013-09-01,183821.050650099,8288.45583158,10751.539848427,29986.795825975,3.669457746,47.864165393,0.2164358118
2013-09-01,200000.0,4719.0,5680.0,19661.0,4.2,40.0,0.2576166014
2013-09-01,158731.866673975,790.56836169,988.501085587,2495.246641734,3.165839353,43.977510394,0.1922355746
2013-09-01,185000.0,8300.0,10057.0,32434.0,3.9,41.0,0.2409816859
2013-09-01,160365.0168546,2295.513203924,2821.941419013,7231.380388451,3.29628022,48.916481093,0.1928938066
2013-09-01,158000.0,818.0,962.0,2718.0,3.3,40.0,0.227740986
2013-10-01,164000.0,817.0,830.0,2654.0,3.2,41.0,0.2388847023
2013-10-01,145000.0,2259.0,2489.0,7893.0,3.5,43.0,0.2342582035
2013-10-01,202329.369452723,4472.899395651,6297.526890374,18781.404962201,4.337934649,46.93075201,0.2337157755
2013-10-01,194900.0,4603.0,5409.0,19580.0,4.3,45.0,0.2647088866
2013-10-01,158330.521552974,2247.44234803,2837.41821339,7592.857141943,3.458616147,45.484100987,0.2023931433
2013-10-01,164323.579971186,772.812074978,930.826743045,2525.895854934,3.242976785,42.287419558,0.1916555803
2013-10-01,175000.0,8096.0,9315.0,32361.0,4.0,44.0,0.2521244708
2013-10-01,182340.762128234,7902.170038622,10946.486219889,30994.083227389,3.961019357,46.294264573,0.2200305371
2013-10-01,146000.0,417.0,587.0,2234.0,5.4,52.0,0.2224709042
2013-11-01,130000.0,345.0,415.0,2015.0,5.8,59.0,0.217866005
2013-11-01,163037.287715264,830.187943275,981.014870743,2468.212560275,3.02135449,44.72552812,0.2201021436
2013-11-01,135000.0,1708.0,1706.0,6885.0,4.0,47.0,0.1975308642
2013-11-01,186500.0,3853.0,4051.0,17364.0,4.5,53.0,0.2099170698
2013-11-01,157000.0,733.0,610.0,2322.0,3.2,47.0,0.2054263566
2013-11-01,170000.0,6639.0,6782.0,28586.0,4.3,51.0,0.2069894354
2013-11-01,197439.124583557,4390.2940292,6529.01821001,18207.559193213,4.297419699,49.870254738,0.2423037143
2013-11-01,181650.842467501,7713.653432585,11135.13069354,29924.674466132,3.984428996,48.255132049,0.2335932318
2013-11-01,155231.815153957,2155.610948326,2719.444717627,7267.581693362,3.540443436,46.07586467,0.2157668203
2013-12-01,175000.0,7122.0,5625.0,26196.0,3.7,53.0,0.175790197
2013-12-01,173112.854855813,764.292208053,1037.78438767,2538.377504466,3.445035612,47.25063698,0.2407195634
2013-12-01,186341.693905654,8017.665966665,11607.969116255,30995.500316945,4.038067407,46.593226608,0.2437290095
2013-12-01,203445.961777754,4534.269800453,6654.579164819,18847.681540345,4.414953183,47.061314122,0.255410599
2013-12-01,163584.240141487,2301.349063522,3335.491631096,7665.79816767,3.331369714,46.533760552,0.2255932439
2013-12-01,150000.0,1980.0,1510.0,6293.0,3.2,51.0,0.1566820276
2013-12-01,160000.0,411.0,365.0,1820.0,4.4,50.0,0.1901098901
2013-12-01,189950.0,4073.0,3265.0,15997.0,3.9,53.0,0.1819716197
2013-12-01,165000.0,658.0,485.0,2086.0,3.2,56.0,0.1749760307
2014-01-01,203326.31498651,4258.377276828,5289.441340472,18312.653463054,4.547911518,44.459957872,0.2502662501
2014-01-01,130000.0,1404.0,2185.0,6362.0,4.5,64.0,0.1919207796
2014-01-01,180000.0,2908.0,4170.0,15712.0,5.4,58.0,0.2270875764
2014-01-01,153500.0,286.0,466.0,1786.0,6.2,60.0,0.2138857783
2014-01-01,163064.439067045,712.849788451,879.671615328,2432.175892142,3.446670772,43.58605602,0.2413009294
2014-01-01,153615.68375701,2149.442128608,2589.404453089,7401.469819597,3.503507088,49.390069101,0.2169158946
2014-01-01,164000.0,5073.0,7541.0,25917.0,5.1,60.0,0.2164216537
2014-01-01,185191.993435025,7475.32647416,9219.174059907,30264.708145776,4.15824467,46.020073556,0.2374124824
2014-01-01,150000.0,475.0,720.0,2057.0,4.3,56.0,0.2163344677
2014-02-01,163088.824170428,789.757208749,915.688409738,2356.045688136,3.191774235,48.230618219,0.2363930131
2014-02-01,158000.0,4957.0,9139.0,26904.0,5.4,67.0,0.19142135
2014-02-01,200849.835451052,4244.445540688,5568.906029664,17965.521886528,4.46761346,46.940865552,0.2495157357
2014-02-01,183083.016583542,7557.274329009,9493.791652497,29538.307333054,4.159372409,47.409178429,0.2391545071
2014-02-01,124000.0,300.0,515.0,1818.0,6.1,79.0,0.1881188119
2014-02-01,155000.0,516.0,850.0,2116.0,4.1,65.0,0.1828922495
2014-02-01,175000.0,2733.0,5058.0,16269.0,6.0,68.0,0.1992132276
2014-02-01,150947.171782676,2161.959845768,2671.628654742,7112.948693242,3.491505805,47.650267689,0.2253246358
2014-02-01,123750.0,1408.0,2716.0,6701.0,4.8,64.0,0.1763915833
2014-03-01,163256.965312978,2069.928448076,2807.968594191,7159.994901226,3.670159608,47.803092749,0.2226104979
2014-03-01,165000.0,1866.0,3509.0,7135.0,3.8,56.0,0.2036440084
2014-03-01,182012.179206065,7093.636582476,9855.811558311,29558.280064907,4.398159309,48.296751348,0.2463196799
2014-03-01,176000.0,6226.0,12024.0,28427.0,4.6,62.0,0.2270024976
2014-03-01,164500.0,658.0,1217.0,2345.0,3.6,47.0,0.2149253731
2014-03-01,189000.0,3370.0,6731.0,17169.0,5.1,68.0,0.239501427
2014-03-01,164626.056764182,744.69160746,1007.990302057,2431.557227894,3.459632523,40.36546454,0.241586047
2014-03-01,197145.255802512,3938.38174627,5647.283035391,18023.563604295,4.744041349,50.928959628,0.2607093368
2014-03-01,145000.0,332.0,567.0,1778.0,5.4,69.0,0.2170978628
2014-04-01,127750.0,352.0,741.0,1887.0,5.4,44.0,0.2257551669
2014-04-01,166865.109587456,702.232815361,990.160213298,2418.611545463,3.63815435,38.227800636,0.2509569385
2014-04-01,170700.0,714.0,1289.0,2466.0,3.5,35.0,0.2445255474
2014-04-01,162197.302106077,2071.147468157,2931.090314715,7245.866550366,3.664454232,43.819128155,0.2347708008
2014-04-01,183806.246135227,7032.069322583,10284.776960107,29826.5440801,4.445755384,46.587026968,0.2539606714
2014-04-01,201000.0,3998.0,8227.0,18506.0,4.6,50.0,0.2738571274
2014-04-01,187500.0,7364.0,14049.0,30367.0,4.1,45.0,0.2602496131
2014-04-01,177000.0,2300.0,3792.0,7508.0,3.3,40.0,0.2412093767
2014-04-01,196996.085615253,3881.50669362,5968.723819042,18304.239419008,4.890476476,49.386659758,0.2665333813
2014-05-01,209484.347642423,4024.617357185,6092.760421619,18636.943315003,4.700269915,49.468144075,0.2777898728
2014-05-01,176306.870460895,2016.48585551,2834.703445762,7207.400678543,3.808034743,45.10553194,0.2420038902
2014-05-01,175000.0,874.0,1313.0,2537.0,2.9,32.0,0.2723689397
2014-05-01,225000.0,4719.0,8437.0,19631.0,4.2,38.0,0.3001884774
2014-05-01,134500.0,378.0,723.0,1978.0,5.2,44.0,0.25429727
2014-05-01,200000.0,2503.0,3535.0,7622.0,3.0,37.0,0.2549199685
2014-05-01,210000.0,8474.0,14008.0,31768.0,3.7,37.0,0.2840594309
2014-05-01,167878.292431437,743.315149019,1007.77891676,2383.756213274,3.369137762,40.46766873,0.2673091028
2014-05-01,193427.99235306,7093.19262407,10420.177276006,30116.511604831,4.343322787,47.621006988,0.2656838779
2014-06-01,205744.926711368,4237.338194799,6160.333603262,19922.008410678,4.736420721,48.948138486,0.275330083
2014-06-01,220000.0,9675.0,13386.0,34619.0,3.6,33.0,0.2897541812
2014-06-01,172441.224392705,800.237351353,970.105039276,2482.841971989,3.341035012,43.31361171,0.2804895274
2014-06-01,165000.0,387.0,726.0,2152.0,5.6,30.0,0.2411710037
2014-06-01,235000.0,5538.0,8017.0,21578.0,3.9,33.0,0.3060061173
2014-06-01,173956.555696755,2080.250760914,2923.749880155,7644.952732581,3.797533361,42.453329734,0.2357900736
2014-06-01,184000.0,1021.0,1176.0,2706.0,2.7,33.0,0.3048780488
2014-06-01,194081.081263859,7467.126709241,10585.861152515,32127.099905602,4.411316193,47.025681753,0.2630230241
2014-06-01,200000.0,2729.0,3467.0,8183.0,3.0,34.0,0.2552853477
2014-07-01,198000.0,2731.0,3171.0,8560.0,3.1,35.0,0.2683411215
2014-07-01,180000.0,950.0,1211.0,2906.0,3.1,29.0,0.2825189264
2014-07-01,211848.698607976,4375.519470225,6195.010949082,21082.296797213,4.848224725,48.023272278,0.2776459161
2014-07-01,202500.0,401.0,759.0,2331.0,5.8,38.0,0.268983269
2014-07-01,170929.940671564,761.907077865,1011.203315736,2616.866632616,3.514064768,37.094456723,0.2504515407
2014-07-01,220000.0,9613.0,12452.0,36897.0,3.8,34.0,0.304008456
2014-07-01,235000.0,5531.0,7311.0,23100.0,4.2,33.0,0.3236363636
2014-07-01,177386.395446894,2158.955731683,2813.335180503,7925.996737948,3.764860482,43.75931287,0.2324315719
2014-07-01,198871.044831087,7685.618894958,10683.290530646,33747.51612311,4.370667431,47.035428935,0.2625887488
2014-08-01,218431.412814512,4397.775215137,6200.822256953,21425.442824367,4.882324847,52.129342377,0.2769439596
2014-08-01,234000.0,5260.0,6371.0,23113.0,4.4,41.0,0.3150607883
2014-08-01,171521.412847696,785.11589649,1025.76557382,2704.403113686,3.420252427,41.37244641,0.2461482655
2014-08-01,216500.0,9009.0,10864.0,36748.0,4.1,40.0,0.2937574834
2014-08-01,201658.934020342,7643.194937775,10662.362800114,34198.077724598,4.531632124,49.354476687,0.2602259986
2014-08-01,184611.909352189,2068.431767804,2815.606774231,7922.414954438,3.946848576,47.279041325,0.2236382022
2014-08-01,199000.0,2391.0,2820.0,8409.0,3.5,41.0,0.241289095
2014-08-01,190000.0,419.0,623.0,2303.0,5.5,37.0,0.2800694746
2014-08-01,176000.0,939.0,1050.0,2923.0,3.1,36.0,0.2884023264
2014-09-01,173750.138510655,2174.028538235,2851.021644687,7924.180346605,3.814134192,50.662945981,0.2364058817
2014-09-01,195000.0,419.0,621.0,2274.0,5.4,42.0,0.2576956904
2014-09-01,172625.0,774.0,1023.0,2948.0,3.8,37.0,0.3127544098
2014-09-01,171575.817728822,722.106498056,1015.218501519,2720.753324742,3.801158801,40.654200614,0.269329967
2014-09-01,213564.867582306,4244.230723998,6403.826881411,21684.037941588,5.123961537,53.501202938,0.2810471591
2014-09-01,171000.0,2287.0,2868.0,8522.0,3.7,46.0,0.2771649847
2014-09-01,215000.0,4442.0,6173.0,23193.0,5.2,46.0,0.3199672315
2014-09-01,197500.0,7922.0,10685.0,36937.0,4.7,45.0,0.3056014295
2014-09-01,197005.805542247,7514.539554064,10999.155360941,34361.126639823,4.605779599,51.475152735,0.2674196244
2014-10-01,174111.306035304,2176.824274476,2831.032378811,7902.160650693,3.806666114,50.205572005,0.2299634241
2014-10-01,195198.827663593,7603.668445201,10893.054477028,34531.119847914,4.607414752,51.889744881,0.2639822614
2014-10-01,178770.037084132,779.947981082,982.567861016,2695.967976807,3.473654476,45.377244248,0.2722052998
2014-10-01,211747.190599694,4260.371202516,6331.032144043,21769.854834147,5.251741516,54.557645785,0.2774191017
2014-10-01,175000.0,853.0,864.0,2803.0,3.3,44.0,0.3228683553
2014-10-01,204000.0,4477.0,5600.0,22562.0,5.0,53.0,0.3123836539
2014-10-01,187000.0,7913.0,9499.0,35785.0,4.5,50.0,0.3010199804
2014-10-01,167000.0,409.0,600.0,2218.0,5.4,43.0,0.2592425609
2014-10-01,157750.0,2174.0,2435.0,8202.0,3.8,48.0,0.2742014143
2014-11-01,172796.167573392,683.384274095,1023.916866115,2723.793288378,3.95818985,45.520448109,0.2446367614
2014-11-01,183000.0,6114.0,6732.0,33079.0,5.4,55.0,0.2229813477
2014-11-01,176000.0,343.0,469.0,2138.0,6.2,43.0,0.1898971001
2014-11-01,154000.0,1611.0,1765.0,7662.0,4.8,51.0,0.19055077
2014-11-01,175299.421872843,2128.748576769,2937.94825939,8045.402039614,3.893059053,49.662308643,0.2169243696
2014-11-01,168000.0,563.0,619.0,2594.0,4.6,48.0,0.2274479568
2014-11-01,194887.199241674,7631.554566403,11119.005379055,34451.857128764,4.629123687,52.424869477,0.2559034532
2014-11-01,196000.0,3597.0,3879.0,20685.0,5.8,61.0,0.2379502055
2014-11-01,207437.574648005,4403.163326183,6381.975771995,21541.845689662,5.140115599,57.877251822,0.2761819228
2014-12-01,177681.635704958,2068.717782979,2885.412066555,8134.210460137,4.02891264,50.956295075,0.228048027
2014-12-01,172018.895506886,831.835679819,1093.66711106,2796.980663078,3.553555842,47.395457096,0.2437149048
2014-12-01,208756.862936428,4408.999757371,6445.784773204,21509.336345768,5.41536286,57.669253481,0.2730779796
2014-12-01,165000.0,733.0,518.0,2351.0,3.2,56.0,0.1811994896
2014-12-01,162000.0,1829.0,1275.0,6760.0,3.7,57.0,0.1588757396
2014-12-01,196880.902123768,7699.53858954,11115.6520619,34547.357375675,4.750950603,54.302499017,0.2547058601
2014-12-01,194669.0,4077.0,3179.0,18640.0,4.6,64.0,0.2004828326
2014-12-01,180000.0,388.0,385.0,1958.0,5.0,48.0,0.1767109295
2014-12-01,184000.0,7027.0,5357.0,29709.0,4.2,61.0,0.187855532
2015-01-01,178000.0,4919.0,8421.0,29708.0,6.0,70.0,0.2146559849
2015-01-01,171750.0,480.0,863.0,2413.0,5.0,67.0,0.2233733941
2015-01-01,208406.163756536,4335.638954963,6428.043224979,21156.271874905,5.182201181,60.536373437,0.2647028745
2015-01-01,181768.93072471,744.722011107,1059.346369455,2780.311599954,3.88359682,51.905100098,0.2567515322
2015-01-01,180491.997425648,2086.790155501,2783.125464867,7875.358206053,4.051857858,49.961451224,0.2276254362
2015-01-01,185000.0,2844.0,4813.0,18545.0,6.5,75.0,0.2249662982
2015-01-01,198236.306563459,7490.988473557,10944.094149103,33978.787910572,4.680349322,55.498657136,0.2513470249
2015-01-01,157000.0,1299.0,2262.0,6835.0,5.3,65.0,0.1856620337
2015-01-01,159000.0,296.0,483.0,1915.0,6.5,53.0,0.207310705
2015-02-01,181000.0,2908.0,5545.0,18847.0,6.5,87.0,0.2031092482
2015-02-01,172000.0,5034.0,9760.0,30490.0,6.1,80.0,0.188291243
2015-02-01,153000.0,299.0,463.0,1890.0,6.3,71.0,0.1661375661
2015-02-01,166631.993603606,717.832339161,949.132381609,2713.926450324,4.122606726,48.490587914,0.2360595153
2015-02-01,159000.0,469.0,881.0,2474.0,5.3,66.0,0.1790622474
2015-02-01,184673.684332112,2094.431672624,2775.454316229,7690.911855701,3.945072241,54.060954412,0.21163227
2015-02-01,197075.933606015,7693.174167959,9978.160220754,33124.216868787,4.699667793,59.234019817,0.2435860617
2015-02-01,160375.0,1358.0,2871.0,7279.0,5.4,74.0,0.1590877868
2015-02-01,206138.358348998,4525.761521644,6140.878698355,20540.18394129,4.839811589,64.725207487,0.2608598212
2015-03-01,218157.829985764,4521.464964202,6504.831008211,20951.999452268,4.79221933,63.677492612,0.2649026267
2015-03-01,179250.0,704.0,1272.0,2592.0,3.7,58.0,0.2361111111
2015-03-01,194485.306649885,2145.358557504,2920.336197683,7981.533388548,3.928349523,51.117927539,0.2175022841
2015-03-01,180917.58094094,761.423707032,1042.0649862,2689.160847117,3.759262597,50.049388582,0.2602894051
2015-03-01,138500.0,372.0,705.0,1923.0,5.2,53.0,0.22724909
2015-03-01,211500.0,4095.0,8066.0,20108.0,4.9,81.0,0.2463696041
2015-03-01,203693.648138659,7762.21630216,11052.829506869,33646.385184932,4.54211643,57.921649124,0.2501669458
2015-03-01,200000.0,7196.0,13877.0,32580.0,4.5,72.0,0.2335481891
2015-03-01,200000.0,2025.0,3834.0,7957.0,3.9,60.0,0.2023375644
2015-04-01,180000.0,776.0,1466.0,2885.0,3.7,46.0,0.242287695
2015-04-01,214191.210478722,4545.99557316,6410.531983436,21492.939414319,4.962042565,62.327720803,0.2699692837
2015-04-01,174490.806149743,755.145051431,1079.944774275,2826.466807202,3.857298301,50.269754621,0.2513825909
2015-04-01,209750.0,2308.0,3786.0,8406.0,3.6,42.0,0.2280513919
2015-04-01,190892.474255084,2046.554086705,2876.178820136,8143.125421042,4.044639506,48.023676166,0.2241756839
2015-04-01,150000.0,347.0,716.0,2003.0,5.8,56.0,0.2181727409
2015-04-01,210000.0,8018.0,14830.0,35006.0,4.4,54.0,0.258812775
2015-04-01,204090.906369159,7755.136811491,10929.48981174,34515.792993091,4.704329992,57.202595389,0.254025911
2015-04-01,220000.0,4588.0,8862.0,21712.0,4.7,62.0,0.2768515107
2015-05-01,223000.0,9199.0,14059.0,36322.0,3.9,42.0,0.2710203183
2015-05-01,178916.837633336,826.308726245,1088.400622985,2819.866063907,3.564460554,44.404660821,0.2614735412
2015-05-01,183000.0,928.0,1331.0,2958.0,3.2,35.0,0.261663286
2015-05-01,218896.286632275,4578.680744828,6378.159905891,21634.66557703,4.682123398,56.00370782,0.2748176306
2015-05-01,216500.0,2632.0,3718.0,8618.0,3.3,40.0,0.2331167324
2015-05-01,192012.22059065,2181.627683137,2986.303796887,8202.430984689,3.902651081,49.395462119,0.2272507769
2015-05-01,235000.0,5252.0,8284.0,22648.0,4.3,44.0,0.2922995408
2015-05-01,177000.0,387.0,726.0,2098.0,5.4,53.0,0.2111534795
2015-05-01,206559.727735308,7946.74181427,10995.35520415,34714.179975302,4.46225048,53.044560172,0.257948606
2015-06-01,246000.0,6555.0,8023.0,23476.0,3.6,40.0,0.3146617822
2015-06-01,234000.0,11272.0,13507.0,37293.0,3.3,39.0,0.2915560561
2015-06-01,208245.711924185,8220.743763248,10776.284372421,34661.335205687,4.222069643,52.803381893,0.2543971662
2015-06-01,219000.0,3092.0,3473.0,8618.0,2.8,40.0,0.2483174751
2015-06-01,193469.746927063,2243.144098218,2827.120762838,8079.288342847,3.803660831,49.99087878,0.2182627816
2015-06-01,179707.805807844,883.684288055,1016.160479168,2822.088643624,3.370817375,41.996042709,0.2499907446
2015-06-01,192750.0,1168.0,1286.0,3050.0,2.6,32.0,0.2783606557
2015-06-01,205000.0,457.0,725.0,2149.0,4.7,48.0,0.2335970219
2015-06-01,217381.98922721,4761.523943232,6279.967350945,21809.613273229,4.524923165,55.810976571,0.2726014591
2015-07-01,188900.0,1078.0,1201.0,3030.0,2.8,33.0,0.296039604
2015-07-01,211000.0,2999.0,3159.0,8428.0,2.8,41.0,0.2578310394
2015-07-01,228000.0,10687.0,12426.0,37506.0,3.5,41.0,0.3016850637
2015-07-01,191082.855895935,2363.776326996,2780.011474334,7793.637728086,3.45564954,50.63110601,0.2191508248
2015-07-01,208266.822542941,8400.0154004,10800.544433251,34457.808971837,4.157467112,53.443684368,0.2567426396
2015-07-01,183438.294506945,835.696896317,1015.696744887,2761.673154894,3.298017927,42.26149451,0.2619474289
2015-07-01,219567.820300798,4793.616965813,6351.799911659,21836.504428401,4.687149587,56.662652033,0.2732409713
2015-07-01,199250.0,422.0,696.0,2191.0,5.2,40.0,0.2455499772
2015-07-01,241500.0,6188.0,7370.0,23857.0,3.9,42.0,0.32338517
2015-08-01,235000.0,5426.0,6426.0,23419.0,4.3,46.0,0.3055638584
2015-08-01,190741.148719549,2278.161876567,2867.173799267,7696.10399904,3.462997475,51.676237563,0.2237320429
2015-08-01,240000.0,421.0,696.0,2215.0,5.3,44.0,0.2582392777
2015-08-01,201000.0,2627.0,2873.0,8183.0,3.1,45.0,0.2477086643
2015-08-01,182342.981259499,858.101651005,969.121000533,2707.736235322,3.168992499,45.639819397,0.2615308154
2015-08-01,190000.0,990.0,1025.0,2945.0,3.0,40.0,0.305942275
2015-08-01,220824.454519928,4734.458527629,6431.149612339,21736.299306637,4.602024057,56.867850472,0.2650749773
2015-08-01,209826.166772845,8305.427579363,10967.554091271,34211.603369802,4.124065127,54.07414169,0.252847094
2015-08-01,223000.0,9464.0,11020.0,36762.0,3.9,45.0,0.289701322
2015-09-01,221972.387033902,4707.792721136,6236.075523599,21291.384880813,4.535231045,57.349996162,0.262670551
2015-09-01,210449.714311158,8119.121283614,10614.35481346,33435.697903575,4.107045367,53.150117023,0.2469185602
2015-09-01,179950.0,842.0,930.0,2871.0,3.4,43.0,0.284918147
2015-09-01,222500.0,4934.0,5862.0,22791.0,4.6,50.0,0.3051643192
2015-09-01,202500.0,414.0,611.0,2131.0,5.1,42.0,0.2524636321
2015-09-01,210000.0,8486.0,10139.0,35966.0,4.2,47.0,0.2894400267
2015-09-01,188000.0,2296.0,2736.0,8173.0,3.6,44.0,0.2581671357
2015-09-01,180020.260076058,793.491729022,949.273586871,2638.932304746,3.321726605,47.014685407,0.2381738018
2015-09-01,192988.468567854,2194.865982725,2727.314387014,7575.074171144,3.568237917,48.531591166,0.2132786739
2015-10-01,186027.773088752,2222.521366507,2753.891960831,7369.512624442,3.527896412,48.882066993,0.213035271
2015-10-01,200000.0,8120.0,9222.0,34295.0,4.2,53.0,0.2794284881
2015-10-01,203750.0,448.0,546.0,2022.0,4.5,51.0,0.2334322453
2015-10-01,208544.463429861,8051.686911389,10864.382536913,32961.315499416,4.109563297,54.421963596,0.244740399
2015-10-01,223355.137414486,4670.454330973,6400.628503022,21075.760356794,4.573688304,57.994020851,0.2598031
2015-10-01,215000.0,4727.0,5515.0,21854.0,4.6,57.0,0.2910679967
2015-10-01,182226.393640357,783.6728019,1010.016782155,2634.898670882,3.342867211,49.567660485,0.2423722364
2015-10-01,181000.0,829.0,894.0,2750.0,3.3,48.0,0.2916363636
2015-10-01,168000.0,2116.0,2267.0,7669.0,3.6,47.0,0.2545312296
2015-11-01,190000.0,356.0,439.0,1902.0,5.3,53.0,0.1924290221
2015-11-01,171400.0,579.0,599.0,2450.0,4.2,53.0,0.2224489796
2015-11-01,212500.0,3570.0,3914.0,19651.0,5.5,58.0,0.2182586128
2015-11-01,196500.0,6124.0,6621.0,30922.0,5.0,56.0,0.2119203156
2015-11-01,209080.863784892,7379.982262033,10741.658812071,32360.915763256,4.479531757,53.624145608,0.2384748894
2015-11-01,178104.336051333,673.008114541,974.68212058,2592.992096054,3.800992961,50.248848705,0.2331706673
2015-11-01,223981.053436838,4223.056272584,6329.052981027,20524.833144762,5.146281914,55.424089171,0.2503423128
2015-11-01,193418.793673975,2071.206987387,2788.106542082,7303.389472606,3.656979512,49.523755842,0.2161275104
2015-11-01,172300.0,1619.0,1669.0,6919.0,4.3,51.0,0.1961266079
2015-12-01,181308.864222628,797.858235369,1003.814897025,2595.113935306,3.327952794,46.099151319,0.2271593306
2015-12-01,215000.0,4239.0,3006.0,17230.0,4.1,64.0,0.1710388857
2015-12-01,200000.0,381.0,355.0,1652.0,4.3,51.0,0.1900726392
2015-12-01,200000.0,7280.0,4954.0,26998.0,3.7,60.0,0.1650863027
2015-12-01,175050.0,712.0,478.0,2162.0,3.0,54.0,0.1646623497
2015-12-01,229481.810779449,4612.049836146,6330.441393627,20119.778187372,4.773224128,57.720022176,0.2483771919
2015-12-01,170000.0,1948.0,1115.0,5954.0,3.1,57.0,0.1420893517
2015-12-01,186801.759354141,2227.77406644,2639.225222449,7329.778028827,3.344370093,50.231388898,0.2099207178
2015-12-01,212330.924917665,8018.16395687,10695.472590339,31818.094626675,4.158015385,53.26749002,0.2356701738
2016-01-01,206750.0,3190.0,4744.0,17157.0,5.4,71.0,0.2010841056
2016-01-01,188000.0,336.0,439.0,1633.0,4.9,59.0,0.1806491121
2016-01-01,181243.37548685,860.928236014,1024.878818321,2505.173852667,2.987080543,41.124422349,0.2239020416
2016-01-01,190000.0,5398.0,8141.0,27037.0,5.0,68.0,0.189111218
2016-01-01,168000.0,530.0,768.0,2122.0,4.0,53.0,0.1823751178
2016-01-01,211407.708561642,8537.326442593,10702.332932008,31382.27919339,3.800446159,53.677235733,0.2387297322
2016-01-01,187210.344459673,2259.384992749,2757.881424963,7166.190040438,3.268668988,51.72307666,0.2133591743
2016-01-01,165000.0,1342.0,2190.0,6125.0,4.6,67.0,0.1606530612
2016-01-01,229912.275769682,4999.048972419,6311.998228819,19775.747846805,4.189014602,56.31077741,0.2531113495
2016-02-01,190000.0,5370.0,11649.0,28843.0,5.4,73.0,0.1984190271
2016-02-01,194223.675901138,2091.230145945,2900.107026658,7127.606173416,3.414636756,49.474625301,0.2097956478
2016-02-01,173000.0,1417.0,3211.0,6716.0,4.7,68.0,0.1611078023
2016-02-01,180000.0,284.0,585.0,1683.0,5.9,66.0,0.1954842543
2016-02-01,186850.14570976,782.157073209,1036.874189382,2372.738856616,3.120353615,48.414648334,0.2275338436
2016-02-01,211425.554074817,7903.9371848,10818.423085979,31348.2493962,4.04006764,52.731689932,0.2437969578
2016-02-01,228713.926265089,4723.779374564,6511.862636748,19936.077369794,4.212453262,56.378862588,0.2602751615
2016-02-01,205000.0,3137.0,6834.0,18255.0,5.8,78.0,0.2150643659
2016-02-01,175000.0,532.0,1019.0,2189.0,4.1,66.0,0.1777067154
2016-03-01,188000.0,783.0,1334.0,2355.0,3.0,51.0,0.2318471338
2016-03-01,225066.622766647,4550.437812093,6332.473830687,20115.577723793,4.726829131,56.112525292,0.2619010972
2016-03-01,220000.0,4134.0,8308.0,19288.0,4.7,74.0,0.2486520116
2016-03-01,180000.0,364.0,682.0,1716.0,4.7,56.0,0.2051282051
2016-03-01,192383.311526976,2052.232488736,2862.479429246,7119.086321796,3.582380006,48.80019306,0.2160726492
2016-03-01,210000.0,7315.0,14096.0,30454.0,4.2,65.0,0.2349116701
2016-03-01,200000.0,2034.0,3772.0,7095.0,3.5,57.0,0.2063424947
2016-03-01,213659.781561549,7819.666845701,10772.584153081,31486.493266158,4.226864123,51.955483208,0.2473425036
2016-03-01,186866.085159032,817.013064065,1038.873831084,2431.673262664,3.134932119,44.425520636,0.2538460496
2016-04-01,190970.750278167,851.088007828,1102.304158971,2509.365937029,3.085812241,40.581740903,0.2534128175
2016-04-01,203171.476189181,2324.120451828,2780.450344523,7024.479260705,3.26734199,43.518506959,0.2157742706
2016-04-01,225000.0,2568.0,3738.0,7288.0,2.8,37.0,0.2093852909
2016-04-01,241000.0,5046.0,8437.0,20393.0,4.0,47.0,0.2679350758
2016-04-01,220667.015870633,8282.015196112,10688.666791261,31471.727971685,4.011181624,47.226063982,0.2509222833
2016-04-01,220000.0,365.0,680.0,1802.0,4.9,47.0,0.1947835738
2016-04-01,230500.0,8845.0,14276.0,32027.0,3.6,42.0,0.2478845974
2016-04-01,195000.0,866.0,1421.0,2544.0,2.9,37.0,0.2374213836
2016-04-01,233121.81509892,4814.281460133,6282.223595232,20155.478312713,4.191293711,51.135477294,0.268516526
2016-05-01,220000.0,401.0,692.0,1868.0,4.7,37.0,0.2141327623
2016-05-01,248000.0,5807.0,8294.0,21166.0,3.6,40.0,0.2860720023
2016-05-01,224000.0,2901.0,3553.0,7454.0,2.6,34.0,0.2202844111
2016-05-01,193547.5,944.0,1362.0,2654.0,2.8,27.0,0.2464204974
2016-05-01,219865.976111043,8482.799450781,10647.944655812,31460.093237278,3.816314722,47.732437157,0.2480783023
2016-05-01,231603.187163421,4976.708918213,6284.643586635,20133.766238236,3.975067504,51.662534556,0.2654063922
2016-05-01,200068.068793238,2291.113143096,2764.017367626,7037.625274165,3.180240577,42.173748769,0.2096545392
2016-05-01,235000.0,10053.0,13901.0,33142.0,3.3,37.0,0.2639852755
2016-05-01,187654.993744625,832.726717958,1063.486690573,2507.572589932,3.157413643,34.149444697,0.2435225442
2016-06-01,226000.0,473.0,686.0,1953.0,4.1,38.0,0.2488479263
2016-06-01,221500.0,3200.0,3442.0,7349.0,2.3,34.0,0.2582664308
2016-06-01,236979.50201407,5011.982052917,6277.835337494,20086.454651803,3.996271722,50.473428853,0.2657350722
2016-06-01,220714.620676851,8661.957810223,10622.436355968,31252.530364344,3.647912979,46.460477515,0.253938422
2016-06-01,265000.0,6760.0,8084.0,21760.0,3.2,36.0,0.3092830882
2016-06-01,199000.0,1185.0,1270.0,2724.0,2.3,25.0,0.2900146843
2016-06-01,197350.320938759,2302.769970919,2779.501597013,6809.827033232,3.049512769,42.18068038,0.2241930059
2016-06-01,186142.360812115,896.053005105,984.582355697,2479.948160898,2.906237133,32.499365452,0.262309822
2016-06-01,246000.0,11618.0,13482.0,33786.0,2.9,34.0,0.2929615817
2016-07-01,220000.0,2657.0,3148.0,7427.0,2.8,35.0,0.236838562
2016-07-01,185380.09442507,844.150794755,988.332996255,2412.871677682,2.929798636,34.233002887,0.2495913156
2016-07-01,241000.0,9985.0,11718.0,33984.0,3.4,36.0,0.2751883239
2016-07-01,190000.0,1006.0,1091.0,2674.0,2.7,27.0,0.2767389678
2016-07-01,201404.87730474,2269.548320389,2878.369205651,6792.312096991,3.144583063,42.567565553,0.210461394
2016-07-01,238471.509166579,4904.945225815,6262.231876598,19849.843350447,4.09558814,51.200561848,0.2546036084
2016-07-01,250000.0,381.0,626.0,2015.0,5.3,37.0,0.2183622829
2016-07-01,259000.0,5941.0,6853.0,21868.0,3.7,38.0,0.2936253887
2016-07-01,223428.003597113,8388.95926599,10682.005647002,30905.326372962,3.751122904,47.174766542,0.2412968461
2016-08-01,235000.0,10301.0,10963.0,33290.0,3.2,39.0,0.2916791829
2016-08-01,197000.0,1015.0,1124.0,2688.0,2.6,36.0,0.2879464286
2016-08-01,223393.392794278,8334.641519359,10449.640250048,30705.785295222,3.684467882,47.482195667,0.2406986088
2016-08-01,191035.289994556,2281.8474732,2699.395470893,6713.854874139,3.019465847,42.422611902,0.2098036716
2016-08-01,190771.316765337,821.463932917,1022.614890565,2454.435853822,2.964166008,40.762262479,0.2339125026
2016-08-01,250000.0,6020.0,6309.0,21318.0,3.5,42.0,0.3097851581
2016-08-01,255000.0,440.0,690.0,2083.0,4.7,35.0,0.2520403265
2016-08-01,197000.0,2826.0,2840.0,7201.0,2.5,37.0,0.2521871962
2016-08-01,237500.547394217,4821.405201889,6127.211141271,19645.07039867,4.095457795,52.097074068,0.2555450594
2016-09-01,197154.937160143,2312.699042148,2774.181132595,6716.886649412,3.078950829,44.090999651,0.2053465694
2016-09-01,192084.754103729,803.253442817,922.47465794,2424.334082932,2.982225109,38.097720931,0.2455548508
2016-09-01,222342.280918163,8089.673252852,10588.559357332,30524.105639242,3.802276549,47.51261898,0.2392273841
2016-09-01,235359.596989549,4624.378948686,6213.645395992,19493.521800654,4.362424172,50.822648405,0.2525712994
2016-09-01,190500.0,902.0,938.0,2644.0,2.9,35.0,0.2957639939
2016-09-01,209750.0,404.0,615.0,2083.0,5.2,42.0,0.2539606337
2016-09-01,235000.0,4914.0,5815.0,20981.0,4.3,44.0,0.2986511606
2016-09-01,190000.0,2402.0,2796.0,7315.0,3.0,40.0,0.2572795625
2016-09-01,219950.0,8622.0,10164.0,33023.0,3.8,42.0,0.2861944705
2016-10-01,219500.0,7710.0,8571.0,31158.0,4.0,47.0,0.2685666602
2016-10-01,203664.506421578,2201.545260963,2638.583049715,6569.754051185,3.061474961,44.41215812,0.2078481621
2016-10-01,193000.0,768.0,804.0,2453.0,3.2,35.0,0.2662046474
2016-10-01,194155.681640065,788.001425444,944.374805485,2334.88776063,2.964647237,36.407428512,0.2178878694
2016-10-01,185000.0,1998.0,2103.0,6869.0,3.4,43.0,0.2495268598
2016-10-01,231900.0,4532.0,5119.0,19860.0,4.4,53.0,0.278449144
2016-10-01,222000.0,413.0,545.0,1976.0,4.8,43.0,0.2424089069
2016-10-01,240960.692164744,4785.81366975,6192.395807364,19097.030095007,4.105627733,53.63157894,0.2487201669
2016-10-01,227695.212918536,8195.409085805,10476.957041305,29896.614578474,3.648365501,48.214428903,0.2354717276
2016-11-01,205661.227848406,2298.083635342,2722.423466303,6494.223270039,2.909778653,44.664720434,0.1990239288
2016-11-01,240399.676458367,4680.50402328,6199.831229735,18818.884940684,4.166464984,52.870515,0.2533031441
2016-11-01,184900.0,1862.0,1628.0,6109.0,3.3,46.0,0.1879194631
2016-11-01,227553.760106696,8171.924070019,10536.599511539,29465.0824298,3.74614301,48.022382696,0.2377833377
2016-11-01,215000.0,7112.0,6552.0,28099.0,4.0,50.0,0.2210754831
2016-11-01,229000.0,4174.0,3865.0,17930.0,4.3,55.0,0.2317902956
2016-11-01,190000.0,391.0,458.0,1864.0,4.8,43.0,0.2108369099
2016-11-01,198688.799133148,776.320198294,972.067978354,2329.84120232,2.984516826,40.163936445,0.2407818533
2016-11-01,193000.0,685.0,601.0,2196.0,3.2,42.0,0.2372495446
2016-12-01,218750.0,378.0,340.0,1626.0,4.3,50.0,0.1709717097
2016-12-01,206412.870048063,2205.738818214,2823.825125469,6495.340270091,3.016503979,46.583855516,0.1996259757
2016-12-01,190440.833963946,804.018820473,921.104426067,2302.56177687,2.915022283,40.639881442,0.2137835206
2016-12-01,183500.0,718.0,426.0,1856.0,2.6,47.0,0.1487068966
2016-12-01,242154.041238725,4569.750949694,6038.119351255,18388.291610904,4.360338664,52.11121703,0.2396359756
2016-12-01,190000.0,1838.0,1131.0,5118.0,2.8,53.0,0.1279796796
2016-12-01,215000.0,7058.0,4594.0,24083.0,3.4,55.0,0.1516007142
2016-12-01,227929.794629733,7900.957068365,10429.876636565,28938.000105722,3.789877911,48.671080465,0.2272980437
2016-12-01,227000.0,4124.0,2697.0,15483.0,3.8,58.0,0.1579151327
2017-01-01,214696.706352497,2351.107627578,2843.168381005,6772.900190969,2.923551582,47.306384987,0.1821272319
2017-01-01,195000.0,1437.0,2325.0,5731.0,4.0,60.0,0.1357529227
2017-01-01,187447.110842615,918.901971238,1022.770918189,2458.502706556,2.724750707,41.198101248,0.2052851163
2017-01-01,241992.090573951,4917.374190622,6288.220194678,19170.552603574,4.090768079,54.566457021,0.2418369261
2017-01-01,208000.0,5499.0,8472.0,25998.0,4.7,63.0,0.1786291253
2017-01-01,195000.0,321.0,511.0,1634.0,5.1,58.0,0.1933904529
2017-01-01,227839.299706056,8557.717548332,10704.062103217,30294.708595924,3.606595629,49.589234843,0.2260012938
2017-01-01,219000.0,3171.0,4847.0,16550.0,5.2,69.0,0.193776435
2017-01-01,176000.0,571.0,789.0,2083.0,3.6,53.0,0.1651464234
2017-02-01,220000.0,2969.0,6612.0,19101.0,6.4,76.0,0.1777917387
2017-02-01,229038.778750842,8039.84219244,10788.279419387,32773.325042107,4.398767334,52.352512522,0.2262198658
2017-02-01,209000.0,5245.0,11269.0,30154.0,5.7,71.0,0.1679379187
2017-02-01,195000.0,1431.0,3070.0,6860.0,4.8,65.0,0.1397959184
2017-02-01,178000.0,326.0,544.0,1735.0,5.3,67.0,0.1890489914
2017-02-01,212878.925850527,2203.204253856,2857.21439124,7271.281915424,3.545068045,47.853284197,0.1929066702
2017-02-01,241960.338146178,4641.638544214,6374.604504608,20767.276692033,4.76511297,55.914602584,0.238940216
2017-02-01,195000.0,519.0,1043.0,2458.0,4.7,66.0,0.1554109032
2017-02-01,201047.235621876,794.371051249,1116.012310228,2697.338478614,3.668690475,48.878932186,0.2157825695
2017-03-01,235042.041438492,8633.9485524,10535.692358544,34236.079966138,4.204698885,54.8801508,0.2122595659
2017-03-01,220000.0,2345.0,3760.0,7581.0,3.2,55.0,0.169106978
2017-03-01,197000.0,828.0,1353.0,2717.0,3.3,55.0,0.1740890688
2017-03-01,246500.0,4871.0,8484.0,21007.0,4.3,75.0,0.2131670396
2017-03-01,249783.236546455,5107.681581642,6208.846172491,21819.67155155,4.502537355,61.951360154,0.2280069939
2017-03-01,234900.0,8430.0,14274.0,33108.0,3.9,64.0,0.1979884016
2017-03-01,218500.0,386.0,677.0,1803.0,4.7,56.0,0.1830282862
2017-03-01,210246.679921991,2330.187836167,2737.143898696,7604.812841082,3.483025706,50.492983264,0.1775431508
2017-03-01,198885.678576499,835.105770894,1071.675891525,2814.50929342,3.608066035,48.7070683,0.198687239
2017-04-01,236038.983410757,8976.097060702,10521.706406587,34499.161576734,4.012132828,61.883504126,0.2062750474
2017-04-01,260000.0,5050.0,7806.0,22286.0,4.4,64.0,0.2095934668
2017-04-01,235000.0,2489.0,3435.0,7983.0,3.2,50.0,0.1555806088
2017-04-01,250175.39545557,5284.69954094,6171.025717619,22033.211632406,4.278570367,67.852469807,0.2217257572
2017-04-01,198513.181734143,914.221428431,1020.860616139,2840.90067328,3.242355311,57.428262951,0.2034534483
2017-04-01,246050.0,8785.0,13142.0,35046.0,4.0,57.0,0.1926896079
2017-04-01,211673.122177599,2301.713460645,2693.871503404,7718.953217236,3.350037253,56.900724563,0.1679326787
2017-04-01,224500.0,378.0,621.0,1885.0,5.0,49.0,0.1729442971
2017-04-01,204250.0,868.0,1280.0,2892.0,3.3,52.0,0.1798063624
2017-05-01,211249.760241435,2273.832341728,2709.193408209,7597.089669512,3.474897773,57.830445533,0.172235566
2017-05-01,255000.0,466.0,644.0,1897.0,4.1,55.0,0.2076963627
2017-05-01,233750.0,3016.0,3589.0,8014.0,2.7,47.0,0.1850511605
2017-05-01,246193.824382833,5127.196017526,6136.57654035,22085.967083313,4.248430795,70.117269831,0.2106948843
2017-05-01,250000.0,10759.0,14016.0,36111.0,3.4,54.0,0.2169698984
2017-05-01,205000.0,1093.0,1453.0,3067.0,2.8,50.0,0.2001956309
2017-05-01,233746.380964834,8783.831510517,10492.834621102,34434.592621532,4.072918041,64.03137366,0.1995113193
2017-05-01,263000.0,6184.0,8330.0,23133.0,3.7,59.0,0.231271344
2017-05-01,197500.970746649,942.002810889,1102.85628266,2913.485838022,3.250667185,62.494602196,0.1951222089
2017-06-01,271500.0,7057.0,8044.0,23292.0,3.3,59.0,0.2591877039
2017-06-01,232000.0,3249.0,3422.0,8001.0,2.5,49.0,0.1896012998
2017-06-01,209231.19977531,2325.779909602,2745.461123217,7461.291383586,3.448299821,59.679458767,0.1647111071
2017-06-01,231282.466040957,8632.758187743,10621.556343171,33737.211715441,3.930264122,65.608450322,0.2008528457
2017-06-01,244174.348121903,5029.598022916,6199.006071225,21615.12698182,4.270319918,71.667820992,0.2183113866
2017-06-01,254000.0,12054.0,13571.0,36317.0,3.0,55.0,0.2365558829
2017-06-01,207000.0,1268.0,1411.0,3093.0,2.4,49.0,0.2104752667
2017-06-01,260000.0,480.0,694.0,1931.0,4.0,56.0,0.2035214915
2017-06-01,197330.846312468,915.691798611,1090.600177573,2872.278595811,3.208091561,62.271627835,0.1848180876
2017-07-01,230000.0,2624.0,3003.0,8023.0,3.1,51.0,0.1970584569
2017-07-01,250000.0,9711.0,11492.0,36439.0,3.8,56.0,0.2413348336
2017-07-01,232828.101798589,8450.351175819,10444.22366251,33358.462677924,4.003523988,65.516393573,0.208261926
2017-07-01,212000.0,1027.0,1128.0,3087.0,3.0,48.0,0.215095562
2017-07-01,248114.183606297,4860.156952402,6145.933605243,21399.188399475,4.484002338,71.419031972,0.2241847094
2017-07-01,250000.0,424.0,574.0,1916.0,4.5,60.0,0.2186847599
2017-07-01,267000.0,5636.0,6787.0,23413.0,4.2,60.0,0.262332892
2017-07-01,212839.350971523,2254.531119081,2741.194611836,7388.016435927,3.439225407,60.549213247,0.1734765431
2017-07-01,203912.273740413,893.366897289,985.945052553,2807.116310969,3.10350321,59.654008628,0.1878150189
2017-08-01,232247.143417703,8215.624862447,10583.68055958,32927.756206655,3.986079869,64.522750646,0.207109934
2017-08-01,249500.0,479.0,628.0,1906.0,4.0,59.0,0.2518363064
2017-08-01,203459.163340731,851.922246919,994.077562713,2714.935442095,3.163136208,60.761413358,0.1830543555
2017-08-01,244082.594067364,4724.714962416,6149.663317381,21082.948657316,4.512689311,69.962654277,0.2242190688
2017-08-01,255000.0,5870.0,6432.0,22746.0,3.9,61.0,0.2784225798
2017-08-01,214090.484687611,2197.175710374,2846.017056613,7447.441669716,3.453084813,58.984333655,0.1703615533
2017-08-01,210000.0,1066.0,1124.0,2962.0,2.8,54.0,0.2383524646
2017-08-01,217750.0,2704.0,3000.0,7935.0,2.9,52.0,0.2073093888
2017-08-01,240000.0,10118.0,11184.0,35549.0,3.5,57.0,0.2575599876
2017-09-01,214255.320399477,2212.063412619,2789.090462408,7488.647591802,3.617520962,57.90568248,0.1756440723
2017-09-01,255000.0,369.0,603.0,1949.0,5.3,63.0,0.2247306311
2017-09-01,206000.0,2193.0,2770.0,8087.0,3.7,53.0,0.2194880673
2017-09-01,250000.0,4769.0,5745.0,22310.0,4.7,65.0,0.2643657553
2017-09-01,251063.591909275,4631.91702322,6168.449126806,20832.418434547,4.56696925,70.579353718,0.2221566263
2017-09-01,200861.904320881,878.67810986,1051.767688991,2692.727460544,3.021430438,60.511496983,0.2004627287
2017-09-01,234000.0,8264.0,10148.0,35258.0,4.3,61.0,0.2504396165
2017-09-01,235797.116317501,8041.425577089,10559.9076937,32753.511033789,4.139547039,65.330633097,0.2070505236
2017-09-01,200000.0,933.0,1030.0,2912.0,3.1,56.0,0.2493131868
2017-10-01,199980.0,853.0,904.0,2770.0,3.2,55.0,0.255234657
2017-10-01,237900.0,4623.0,5155.0,20779.0,4.5,70.0,0.2605033928
2017-10-01,195000.0,2018.0,2304.0,7676.0,3.8,58.0,0.2219906201
2017-10-01,203703.011044888,836.43914317,1043.119541203,2662.403189215,3.114641392,57.220368815,0.1995053262
2017-10-01,213971.264344158,2155.819431721,2799.709335199,7376.714408742,3.530844806,59.092847654,0.1754537755
2017-10-01,247660.679962411,4612.038128154,6082.760452551,20024.913144177,4.41475826,69.919792564,0.2213511824
2017-10-01,234917.908741471,7982.172869575,10491.336477246,31772.008165581,4.033184163,64.443329565,0.2061663356
2017-10-01,235000.0,420.0,567.0,1860.0,4.4,64.0,0.2268817204
2017-10-01,225000.0,7913.0,8930.0,33085.0,4.2,64.0,0.2489345625
2017-11-01,251211.238041098,4814.237880715,6186.036797813,18706.474286838,4.041244293,70.312992001,0.221817059
2017-11-01,240000.0,385.0,447.0,1680.0,4.4,59.0,0.1976190476
2017-11-01,225000.0,7130.0,6618.0,28509.0,4.0,67.0,0.1925006138
2017-11-01,204454.6624053,828.657715052,1021.943928624,2480.644832985,2.985937247,55.750867184,0.2005980186
2017-11-01,192750.0,1805.0,1661.0,6657.0,3.7,61.0,0.1625356767
2017-11-01,240000.0,4201.0,3854.0,17814.0,4.2,73.0,0.2024811946
2017-11-01,236347.087270016,8321.438140804,10624.651941347,29945.392333134,3.691416965,64.446216838,0.2081566253
2017-11-01,200000.0,739.0,656.0,2358.0,3.2,58.0,0.1993214589
2017-11-01,213376.200102947,2231.537258121,2840.970583235,7042.673874617,3.277435289,58.772884666,0.1717489539
2017-12-01,195000.0,730.0,411.0,1769.0,2.4,67.0,0.1368004522
2017-12-01,253427.010266193,4808.01432411,6284.019794006,16920.773613872,3.68448124,70.310610119,0.2290933701
2017-12-01,209500.0,1764.0,1017.0,5171.0,2.9,64.0,0.10868304
2017-12-01,237000.0,370.0,347.0,1342.0,3.6,64.0,0.1587183308
2017-12-01,205212.982990841,855.854349523,968.241680125,2231.326494428,2.586874507,58.445675894,0.2042177442
2017-12-01,226003.452178106,2219.149740442,2676.132700682,6549.432188987,2.897503091,55.873702833,0.1809800712
2017-12-01,240552.201162706,8240.418974485,10669.205125701,27220.471054605,3.374290934,63.861944719,0.2163527135
2017-12-01,227000.0,7094.0,4525.0,22298.0,3.1,71.0,0.1355726971
2017-12-01,237500.0,4230.0,2750.0,14016.0,3.3,77.0,0.1431934932
2018-01-01,205000.0,496.0,788.0,1946.0,3.9,44.0,0.1500513875
2018-01-01,207000.0,1267.0,2338.0,5733.0,4.5,59.0,0.1334379906
2018-01-01,225775.494115543,2015.707880928,2811.038431722,6775.347653152,3.44203803,46.972624933,0.1796528893
2018-01-01,214716.234957644,779.870936957,1005.55339661,2314.718791434,3.041534735,33.992324092,0.1879371616
2018-01-01,244294.45111157,7849.801423427,10533.367968657,28249.463821386,3.653817594,44.081205261,0.2143001844
2018-01-01,225000.0,5179.0,8202.0,23933.0,4.6,58.0,0.169013496
2018-01-01,257924.218743773,4629.1465179,6121.598292239,17577.805162468,4.008660182,46.485049558,0.2266427635
2018-01-01,222000.0,348.0,444.0,1288.0,3.7,49.0,0.2096273292
2018-01-01,235000.0,3068.0,4632.0,14966.0,4.9,62.0,0.1816784712
2018-02-01,206685.054483786,759.166363686,1034.561641531,2448.054564329,3.525824437,47.16625646,0.2058977758
2018-02-01,223233.646931843,2173.59162995,2730.108647574,7069.126262437,3.493310962,50.91240471,0.1763493124
2018-02-01,240000.0,2856.0,5897.0,16639.0,5.8,82.0,0.1654546547
2018-02-01,201250.0,496.0,964.0,2209.0,4.5,63.0,0.1444092349
2018-02-01,246993.141694008,7791.228296947,10428.115361267,29449.043247746,4.095516364,55.69000179,0.214346405
2018-02-01,207500.0,312.0,551.0,1328.0,4.3,55.0,0.1694277108
2018-02-01,230000.0,5085.0,10345.0,26834.0,5.3,74.0,0.1539464858
2018-02-01,260224.571667192,4469.254052786,6069.535957403,18293.555819886,4.31830257,62.062975352,0.2288638069
2018-02-01,207500.0,1421.0,2933.0,6658.0,4.7,69.0,0.1254130369
2018-03-01,244129.209351406,8378.378809498,10689.542102657,29127.877338344,3.607392969,57.44981158,0.2257990688
2018-03-01,256772.836602943,4836.973281523,6230.551250046,18104.401415701,3.964813984,62.603571781,0.2415917832
2018-03-01,255000.0,4334.0,7964.0,17296.0,4.0,75.0,0.2202821462
2018-03-01,205000.0,811.0,1392.0,2343.0,2.9,60.0,0.1971830986
2018-03-01,245000.0,7786.0,13680.0,28092.0,3.6,66.0,0.2058949167
2018-03-01,240000.0,2225.0,3676.0,7032.0,3.2,57.0,0.1759101251
2018-03-01,239000.0,416.0,648.0,1421.0,3.4,50.0,0.197044335
2018-03-01,228381.476468687,2264.238030642,2835.290506799,7055.848656007,3.355016864,52.140981193,0.1899946152
2018-03-01,203722.1653033,845.616985335,1105.447303541,2432.381978511,3.079804894,54.137150866,0.2282989465
2018-04-01,210000.0,967.0,1343.0,2533.0,2.6,44.0,0.1831819976
2018-04-01,252000.0,9100.0,14345.0,30927.0,3.4,48.0,0.2147637986
2018-04-01,243450.0,388.0,658.0,1546.0,4.0,43.0,0.1985769728
2018-04-01,230000.0,2547.0,3844.0,7586.0,3.0,44.0,0.1850777748
2018-04-01,240181.894985211,8741.131388238,10530.171941956,30428.75982494,3.69086618,56.478951366,0.22434941
2018-04-01,205808.804474737,975.305201732,1054.782129108,2495.293706547,2.711558273,49.288457451,0.206142855
2018-04-01,205683.974345651,2234.85896675,2781.979902039,7321.917812387,3.429318744,52.766567804,0.1932531832
2018-04-01,259759.68023983,5110.792287194,6181.05966378,19007.203385993,3.798739446,59.593174001,0.2405080468
2018-04-01,271000.0,5198.0,8500.0,19262.0,3.7,51.0,0.2321150452
2018-05-01,215000.0,1133.0,1389.0,2736.0,2.4,44.0,0.2247807018
2018-05-01,206726.922477378,2209.337243134,2819.225043627,7711.933193358,3.590497286,53.213425029,0.189383332
2018-05-01,248500.0,412.0,674.0,1686.0,4.1,43.0,0.2147093713
2018-05-01,257732.665637764,5061.085789556,6239.067778155,20189.300755568,3.973982702,62.005862696,0.2353986628
2018-05-01,239759.761145846,8642.115005394,10632.037931302,32069.150415056,3.803068818,58.08533623,0.2212302234
2018-05-01,228000.0,2951.0,3784.0,8129.0,2.8,43.0,0.2050682741
2018-05-01,275000.0,6084.0,8676.0,21237.0,3.5,50.0,0.2567688468
2018-05-01,255000.0,10580.0,14523.0,33788.0,3.2,47.0,0.2394933112
2018-05-01,206193.0428981,964.221905367,1032.542169328,2569.1645036,2.77527199,54.933507977,0.2211720463
2018-06-01,265000.0,11370.0,13179.0,34881.0,3.1,52.0,0.2483873742
2018-06-01,212864.284864873,2312.302401958,2774.259953571,7776.097339493,3.576694548,58.587128956,0.1934034351
2018-06-01,235000.0,3113.0,3412.0,8316.0,2.7,48.0,0.2187349687
2018-06-01,205559.462663123,882.095015492,1040.451010942,2633.894786961,3.167113323,61.479270643,0.2084358993
2018-06-01,215754.0,1155.0,1291.0,2854.0,2.5,49.0,0.2288016819
2018-06-01,257000.0,453.0,646.0,1758.0,3.9,53.0,0.2212741752
2018-06-01,258145.217972376,4895.06435006,6123.687188958,20283.355491045,4.089956767,66.748934432,0.228355662
2018-06-01,285000.0,6649.0,7830.0,21953.0,3.3,54.0,0.2645196556
2018-06-01,242417.218009195,8438.124351814,10452.865637152,32293.936012074,3.908439948,62.718832945,0.2173768173
2018-07-01,239960.728492601,8112.836380387,10654.439307878,32424.773273222,3.985059909,64.611724787,0.2161717104
2018-07-01,270000.0,5772.0,7131.0,22274.0,3.9,57.0,0.2744455419
2018-07-01,213240.480901483,2201.220930208,2733.977742608,7698.838762622,3.661074449,60.373921896,0.1910032071
2018-07-01,255000.0,9806.0,12218.0,35557.0,3.6,55.0,0.2570239334
2018-07-01,220000.0,1010.0,1280.0,3018.0,3.0,49.0,0.2302849569
2018-07-01,252553.723051274,4714.620768145,6204.870318235,20272.95044965,4.377637172,68.321774871,0.2292431242
2018-07-01,250000.0,379.0,736.0,1931.0,5.1,50.0,0.2304505438
2018-07-01,229000.0,2645.0,3071.0,8334.0,3.2,51.0,0.2271418287
2018-07-01,214414.687747042,839.643748597,1102.359538578,2748.81159042,3.249916582,60.019703804,0.1978633513
2018-08-01,244750.0,9958.0,11224.0,34830.0,3.5,56.0,0.2678438128
2018-08-01,238180.846305031,7964.295922063,10413.721333728,32322.924418073,4.115328101,63.671790932,0.2148009958
2018-08-01,250000.0,410.0,657.0,1955.0,4.8,55.0,0.2537084399
2018-08-01,252997.52225497,4667.531611187,6158.188864948,20157.70808468,4.457450383,67.859203753,0.2259290949
2018-08-01,205646.599581697,2110.854989582,2621.797776906,7591.208642224,3.732898264,59.039183433,0.186178723
2018-08-01,208000.0,1046.0,1146.0,2991.0,2.9,49.0,0.2798395186
2018-08-01,263000.0,5917.0,6655.0,21805.0,3.7,59.0,0.2812657647
2018-08-01,208000.0,2585.0,2766.0,8079.0,3.1,52.0,0.2313405124
2018-08-01,205517.240700144,808.034082737,1021.574082759,2765.031853672,3.398161362,55.123355204,0.2224584702
2018-09-01,200000.0,1900.0,2686.0,8247.0,4.3,56.0,0.2445737844
2018-09-01,249000.0,384.0,593.0,1998.0,5.2,59.0,0.2437437437
2018-09-01,261758.234861387,4560.207517612,6140.65248128,20096.174834927,4.418600166,68.134456341,0.2349366307
2018-09-01,214533.475765679,803.446466355,1086.023844551,2790.213116884,3.37374224,61.447288996,0.2077770217
2018-09-01,260000.0,4381.0,5741.0,21560.0,4.9,63.0,0.2740723562
2018-09-01,208551.25657421,2004.788623795,2760.667571651,7648.576473969,3.842228404,61.248520891,0.1968298849
2018-09-01,215000.0,796.0,1050.0,3026.0,3.8,57.0,0.2551222736
2018-09-01,242383.580939437,7786.253235419,10510.600920899,32354.440202256,4.183580909,64.289675612,0.2224419373
2018-09-01,240000.0,7461.0,10070.0,34831.0,4.7,60.0,0.2635009044
2018-10-01,209538.693204006,850.772418987,1061.38695828,2741.447219092,3.192162606,61.354779941,0.2234231566
2018-10-01,260000.0,413.0,621.0,1947.0,4.7,56.0,0.2655367232
2018-10-01,210098.373922468,2027.227324094,2712.746965291,7607.643112375,3.886207078,62.020205379,0.1993484877
2018-10-01,192000.0,1964.0,2305.0,7907.0,4.0,61.0,0.2645756924
2018-10-01,245000.0,4605.0,5465.0,20513.0,4.5,69.0,0.2838200166
2018-10-01,242422.884100615,7694.138469296,10478.400231047,31931.546510751,4.174880322,65.517387676,0.2250762697
2018-10-01,232000.0,7869.0,9344.0,33223.0,4.2,65.0,0.278210878
2018-10-01,255029.895987998,4443.857180882,6158.466466142,19764.577926333,4.590977738,68.991019526,0.2337014719
2018-10-01,206750.0,888.0,953.0,2856.0,3.2,59.0,0.2864145658
2018-11-01,217430.548543854,833.103984407,1013.435307537,2724.804851961,3.283853743,59.81935992,0.1879935473
2018-11-01,245368.27602063,7869.573187289,10346.53440512,31014.900024103,4.049237752,66.592275011,0.2185455727
2018-11-01,198000.0,1689.0,1494.0,7004.0,4.1,65.0,0.1918903484
2018-11-01,210000.0,778.0,648.0,2579.0,3.3,62.0,0.188832881
2018-11-01,235000.0,7030.0,6218.0,29626.0,4.2,69.0,0.2048538446
2018-11-01,259690.123304171,4580.195789582,6031.115120278,19093.608283985,4.387020007,69.32897643,0.2277734906
2018-11-01,248750.0,4169.0,3627.0,18212.0,4.4,72.0,0.2113990775
2018-11-01,251600.0,394.0,449.0,1831.0,4.6,59.0,0.2146368105
2018-11-01,217530.54918338,2094.182458162,2620.594267671,7389.887713236,3.762024742,62.715364666,0.2017953892
2018-12-01,240000.0,3583.0,2501.0,15742.0,4.4,79.0,0.1398805743
2018-12-01,242589.289204598,7252.121462085,10149.189537265,30430.499487343,4.385771141,68.587400116,0.2134174103
2018-12-01,228100.0,6036.0,4122.0,25520.0,4.2,76.0,0.1327586207
2018-12-01,256692.336105358,4245.649398757,5944.274459827,18626.438532093,4.738507329,71.918085497,0.2236417018
2018-12-01,195000.0,1498.0,978.0,6016.0,4.0,72.0,0.1063829787
2018-12-01,210000.0,589.0,351.0,2168.0,3.7,67.0,0.13099631
2018-12-01,216435.181657008,715.845022418,805.684037739,2611.474378717,3.829977823,58.957052156,0.196779866
2018-12-01,254550.0,367.0,292.0,1594.0,4.3,75.0,0.1662484316
2018-12-01,212294.063110742,1896.393933829,2622.055177597,7394.798378289,3.958276749,62.178629165,0.1841172267
2019-01-01,259215.570719169,4127.112782543,5999.91401831,18595.617347547,4.773126553,75.050325732,0.2214121274
2019-01-01,236000.0,2718.0,4427.0,16006.0,5.9,92.0,0.1738098213
2019-01-01,244088.362248269,7012.557047947,10185.060972207,30320.821915201,4.487097759,70.426843218,0.212347602
2019-01-01,213035.338866869,714.189608628,927.713348866,2556.983307436,3.738110207,57.076696238,0.1971814292
2019-01-01,210860.581542925,1846.048735373,2580.162608691,7323.297365632,4.093155668,65.374187905,0.1836382515
2019-01-01,240000.0,275.0,410.0,1566.0,5.7,77.0,0.1794380587
2019-01-01,225000.0,4609.0,7706.0,26055.0,5.7,86.0,0.1628478219
2019-01-01,192250.0,1156.0,2130.0,6281.0,5.4,84.0,0.1327814042
2019-01-01,204500.0,460.0,739.0,2202.0,4.8,75.0,0.1584922797
2019-02-01,240000.0,302.0,431.0,1538.0,5.1,84.0,0.1638491547
2019-02-01,215226.251260519,806.604428167,1011.607325643,2602.612528407,3.552940716,68.21376086,0.2140658195
2019-02-01,247674.997765633,7511.594355966,10326.327237484,31430.751875569,4.563116828,71.885207323,0.2193760986
2019-02-01,209900.0,1303.0,2894.0,7199.0,5.5,91.0,0.1333518544
2019-02-01,210333.0,527.0,939.0,2364.0,4.5,91.0,0.1510152284
2019-02-01,261018.739771733,4348.350504346,6083.900112106,19360.039522269,4.764960987,72.394144619,0.2326209673
2019-02-01,242007.5,2781.0,5934.0,17723.0,6.4,94.0,0.1649269311
2019-02-01,232500.0,4913.0,10198.0,28824.0,5.9,92.0,0.1557382737
2019-02-01,224079.300027848,1976.900323386,2694.837039111,7609.704996012,4.114331861,65.793962887,0.1905517748
2019-03-01,242749.5,6945.0,13421.0,32335.0,4.7,75.0,0.1932271532
2019-03-01,257000.0,4020.0,7905.0,19850.0,4.9,80.0,0.2031738035
2019-03-01,250000.0,307.0,682.0,1673.0,5.4,82.0,0.1769276748
2019-03-01,205500.0,731.0,1268.0,2701.0,3.7,72.0,0.1817845243
2019-03-01,240984.868972912,7552.400120681,10326.03139338,33427.79188887,4.745852745,68.000545206,0.2231963343
2019-03-01,225000.0,1887.0,3566.0,8111.0,4.3,65.0,0.1766736531
2019-03-01,257556.312479424,4481.722586084,6096.48425978,20649.005179665,4.725689278,70.914304625,0.2364085591
2019-03-01,207018.522236411,797.998130841,1096.595963403,2805.812571383,3.786649642,65.847544513,0.2207889386
2019-03-01,211852.868739267,1972.626011801,2724.08541043,8134.829711354,4.372283495,62.550346076,0.1986064531
2019-04-01,213456.999747414,863.568018225,1102.173010851,2989.189556861,3.729985656,60.852473732,0.2369070324
2019-04-01,270000.0,4940.0,8531.0,21690.0,4.4,62.0,0.2307053942
2019-04-01,207669.934706335,2002.269828189,2824.323949253,8490.052347758,4.408913777,60.227821072,0.1996595694
2019-04-01,257790.850758353,4746.124234045,6092.851189669,21435.665970315,4.675398571,68.923273615,0.2405008658
2019-04-01,250000.0,349.0,684.0,1752.0,5.0,60.0,0.1974885845
2019-04-01,220000.0,887.0,1443.0,3031.0,3.4,54.0,0.2141207522
2019-04-01,233000.0,2398.0,3898.0,8754.0,3.7,52.0,0.195453507
2019-04-01,242287.285647912,7982.044290758,10387.610523735,34601.388490847,4.512815357,65.176995298,0.2273023864
2019-04-01,255000.0,8572.0,14556.0,35227.0,4.1,58.0,0.2187810486
2019-05-01,262443.356170257,4870.957624225,5994.877035963,21660.3699083,4.492067492,70.658260855,0.2490662313
2019-05-01,208352.614014496,2114.372670606,2735.139539077,8715.196974592,4.191974165,65.328077984,0.204382602
2019-05-01,246293.133119649,8323.222751925,10234.236830555,35247.385444476,4.427599321,66.739294546,0.2347806968
2019-05-01,228400.0,2833.0,3687.0,9132.0,3.2,53.0,0.22065265
2019-05-01,262000.0,10346.0,14259.0,36852.0,3.6,56.0,0.2514924563
2019-05-01,280000.0,5968.0,8398.0,22697.0,3.8,59.0,0.2684495748
2019-05-01,215164.274059946,892.550699142,1124.243892461,3087.395513276,3.603941818,62.31193713,0.2363809772
2019-05-01,284950.0,460.0,690.0,1790.0,3.9,53.0,0.2229050279
2019-05-01,221000.0,1085.0,1484.0,3233.0,3.0,50.0,0.2375502629
2019-06-01,293000.0,413.0,699.0,1968.0,4.8,52.0,0.2164634146
2019-06-01,285000.0,5918.0,7577.0,23837.0,4.0,57.0,0.2662247766
2019-06-01,233000.0,2714.0,3168.0,9402.0,3.5,55.0,0.2083599234
2019-06-01,265000.0,10110.0,12746.0,38642.0,3.8,56.0,0.2468298742
2019-06-01,225000.0,1066.0,1302.0,3435.0,3.2,52.0,0.2366812227
2019-06-01,212566.732568156,2107.688627721,2618.592825952,8862.274051785,4.256549137,67.762346807,0.1876700866
2019-06-01,258513.876295303,4685.414332952,6068.427040402,22186.340805688,4.60052061,69.676114451,0.2338797102
2019-06-01,243754.379972832,8063.968444282,10261.033449715,36087.632310001,4.424482158,66.994723071,0.2201340047
2019-06-01,213509.576596276,872.549317417,1068.589660386,3198.654274357,3.693002616,64.827237666,0.2215600321
2019-07-01,261000.0,9938.0,11764.0,39101.0,3.9,59.0,0.2584844377
2019-07-01,212569.828996475,842.293646046,970.040685728,3164.229256698,3.652594664,67.892012312,0.2103820237
2019-07-01,263689.314364923,4745.601537294,5877.061243413,22163.012026355,4.668999334,72.648816317,0.2208004909
2019-07-01,219000.0,1037.0,1162.0,3440.0,3.3,56.0,0.2485465116
2019-07-01,206116.172628833,2026.007522705,2601.085072492,8811.990453956,4.535673456,70.556412,0.1814180383
2019-07-01,295000.0,417.0,663.0,2073.0,5.0,54.0,0.2320308731
2019-07-01,280000.0,5980.0,6933.0,24141.0,4.0,61.0,0.2749264736
2019-07-01,246961.857639435,8000.587947596,9911.601311997,36001.089231357,4.456441408,69.491641681,0.2086506638
2019-07-01,220000.0,2505.0,3006.0,9447.0,3.8,59.0,0.2262093786
2019-08-01,220000.0,2437.0,2705.0,9162.0,3.8,64.0,0.2225496616
2019-08-01,259276.269171661,4474.022717185,5959.550510051,21942.188516454,4.903702616,76.163719767,0.222483967
2019-08-01,218382.698323781,2080.176585898,2597.961451012,8674.138492275,4.471966212,73.274368734,0.1784454223
2019-08-01,269000.0,5458.0,6325.0,23566.0,4.3,67.0,0.2750572859
2019-08-01,253500.0,9382.0,10825.0,38212.0,4.1,65.0,0.258950068
2019-08-01,299000.0,443.0,623.0,2096.0,4.7,63.0,0.2375954198
2019-08-01,216244.557403512,834.578272858,1033.450380309,3154.172418018,3.611305845,68.564483133,0.2047434141
2019-08-01,247217.940384626,7744.463454633,10091.37342723,35627.63208753,4.602423907,73.173413573,0.2072365179
2019-08-01,221000.0,1045.0,1172.0,3388.0,3.2,61.0,0.2597402597
2019-09-01,257500.0,4494.0,5813.0,22986.0,5.1,74.0,0.2681197251
2019-09-01,215000.0,804.0,1013.0,3356.0,4.2,62.0,0.2646007151
2019-09-01,210000.0,1935.0,2614.0,9082.0,4.7,67.0,0.2426778243
2019-09-01,275500.0,356.0,618.0,2133.0,6.0,74.0,0.2245663385
2019-09-01,260179.844121235,4509.06131067,6054.328848986,21541.290189868,4.855717378,79.277587971,0.2203750186
2019-09-01,216546.925505454,777.139789608,1017.674028333,3133.490750245,3.914720414,66.932749518,0.2108182771
2019-09-01,218282.335248544,1972.344502402,2621.077115884,8483.578092662,4.394109979,74.045422818,0.1862266147
2019-09-01,246465.199012647,7632.324395991,10233.142996931,35141.585263554,4.556602713,75.70287035,0.2089447151
2019-09-01,242500.0,7589.0,10058.0,37557.0,4.9,71.0,0.2589663711
2019-10-01,219180.008956254,753.076619181,979.075704624,3031.993311699,3.957801521,72.010554591,0.2029292143
2019-10-01,249135.837852637,7573.629370059,10309.19678477,34178.777077435,4.535256489,77.19177173,0.2044743359
2019-10-01,264968.038468224,4462.954934883,6010.148574483,20984.258135205,4.741738064,80.715003063,0.2151160264
2019-10-01,217000.0,796.0,907.0,3160.0,4.0,69.0,0.2686708861
2019-10-01,265000.0,443.0,581.0,2041.0,4.6,68.0,0.2479176874
2019-10-01,255000.0,4622.0,5303.0,21727.0,4.7,80.0,0.2704469094
2019-10-01,217004.917991548,1950.602638801,2660.499766003,8280.618383744,4.329543217,74.850031463,0.1802724756
2019-10-01,200000.0,1887.0,2273.0,8580.0,4.5,73.0,0.2407925408
2019-10-01,240000.0,7747.0,9064.0,35508.0,4.6,76.0,0.2617156697
2019-11-01,241500.0,6518.0,5805.0,31601.0,4.8,79.0,0.1808487073
2019-11-01,205000.0,689.0,535.0,2743.0,4.0,70.0,0.1965001823
2019-11-01,252768.668917888,7539.047075275,10342.81596803,32966.072451589,4.466628932,77.484564037,0.196180599
2019-11-01,269000.0,363.0,414.0,1861.0,5.1,81.0,0.1649650725
2019-11-01,219303.637187413,1927.639411421,2510.343585786,8101.644614242,4.556387167,74.056847324,0.1668726671
2019-11-01,270903.246370331,4492.173584261,6085.485972601,20143.072856144,4.679305134,81.057591955,0.2067694931
2019-11-01,260000.0,3974.0,3479.0,19281.0,4.9,83.0,0.1909651989
2019-11-01,200000.0,1492.0,1377.0,7716.0,5.2,76.0,0.1543545879
2019-11-01,211976.664915929,780.213291998,873.188096142,2888.905784343,3.802200198,67.750021965,0.1961323228
2019-12-01,220697.986087446,763.074331479,946.047903844,2738.565958965,3.829590781,71.842949792,0.193623814
2019-12-01,255000.0,4057.0,2710.0,16312.0,4.0,87.0,0.1439431094
2019-12-01,273500.0,406.0,325.0,1617.0,4.0,79.0,0.1354359926
2019-12-01,240000.0,6882.0,4419.0,26620.0,3.9,84.0,0.132081142
2019-12-01,220884.525073517,2153.129915146,2538.45195347,7784.698957842,3.679352671,71.044374547,0.172675964
2019-12-01,212000.0,657.0,416.0,2285.0,3.5,81.0,0.1347921225
2019-12-01,272431.296521351,4537.487630862,6297.936923517,19160.683932396,4.529300595,80.696920283,0.2158069369
2019-12-01,202250.0,1762.0,968.0,6406.0,3.6,83.0,0.1005307524
2019-12-01,254543.973082286,7834.749227734,10732.352436581,31450.047016811,4.296924629,77.381285685,0.2045488886
2020-01-01,268565.964825588,4459.348981203,6544.813125019,19224.310516813,4.716980667,81.057128376,0.2231246056
2020-01-01,203000.0,532.0,865.0,2417.0,4.5,98.0,0.1597021101
2020-01-01,195500.0,1235.0,2226.0,6757.0,5.5,94.0,0.1212076365
2020-01-01,280000.0,342.0,481.0,1600.0,4.7,90.0,0.160625
2020-01-01,213932.457187674,1960.664670328,2692.437028279,7798.614231935,4.23695853,71.470988032,0.1681682517
2020-01-01,234000.0,5107.0,8316.0,27447.0,5.4,96.0,0.1606368638
2020-01-01,253107.599586863,7635.752053779,11204.550782499,31794.838946841,4.398140881,80.187885329,0.2121916792
2020-01-01,245000.0,2998.0,4744.0,16673.0,5.6,98.0,0.1769927428
2020-01-01,214788.712126702,798.384431674,1103.738520822,2792.333943702,3.667108289,73.168529877,0.1980215809
2020-02-01,260000.0,3022.0,6463.0,18588.0,6.2,106.0,0.1654293092
2020-02-01,218000.0,541.0,1073.0,2732.0,5.0,96.0,0.1530014641
2020-02-01,268500.0,308.0,487.0,1592.0,5.2,93.0,0.135678392
2020-02-01,278261.460370359,4714.321954804,6795.05940549,20196.583070778,4.264610469,83.317530026,0.2291704302
2020-02-01,209236.316046079,2066.54014377,2775.003352742,8004.963337817,3.903179284,70.275685241,0.1939948562
2020-02-01,195000.0,1386.0,3023.0,7595.0,5.5,99.0,0.1353522054
2020-02-01,225711.839399136,830.572081404,1126.302670161,2900.838242492,3.690699612,72.315188845,0.2122540228
2020-02-01,256760.988243294,7986.187115657,11590.28463056,32922.768170994,4.170621819,81.404361937,0.2169099145
2020-02-01,242000.0,5257.0,11046.0,30507.0,5.8,102.0,0.1552102796
2020-03-01,278365.286379276,4590.495828556,5228.857024758,17027.733267414,3.814241197,74.463614063,0.2434859179
2020-03-01,225000.0,758.0,1083.0,2386.0,3.1,66.0,0.1848281643
2020-03-01,223031.042227329,1965.798754889,2204.991616429,6865.628962283,3.706409235,64.444453916,0.182696222
2020-03-01,278999.5,4178.0,6495.0,16241.0,3.9,83.0,0.2049134905
2020-03-01,310000.0,284.0,519.0,1458.0,5.1,74.0,0.1632373114
2020-03-01,224225.607082702,819.760541974,912.959780474,2482.582291581,3.229952254,61.264551849,0.2246983018
2020-03-01,237500.0,1979.0,2906.0,6842.0,3.5,67.0,0.1636948261
2020-03-01,265000.0,7199.0,11003.0,26927.0,3.7,77.0,0.1903294091
2020-03-01,262065.747584077,7654.726430787,8972.018745297,27954.432961791,3.784995458,69.827786151,0.2222665123
2020-04-01,229700.125530264,1543.924244182,1256.097590316,5763.255090344,3.737484534,63.431120127,0.1366567672
2020-04-01,228000.0,709.0,668.0,2033.0,2.9,56.0,0.1869158879
2020-04-01,220739.636240464,689.88359384,510.972401983,1975.561792897,3.116301093,63.109142677,0.2149463829
2020-04-01,257000.0,1868.0,1715.0,6027.0,3.2,56.0,0.1295835407
2020-04-01,275840.227079543,4295.731073525,3198.206960293,13579.523032739,3.378456279,68.284467261,0.2076728127
2020-04-01,310000.0,274.0,302.0,1299.0,4.7,69.0,0.1270207852
2020-04-01,289000.0,4366.0,4214.0,13831.0,3.2,63.0,0.1832116261
2020-04-01,275000.0,7217.0,6899.0,23190.0,3.2,60.0,0.1664079345
2020-04-01,260422.551962017,6888.238605758,5330.426788588,22674.155624803,3.472686084,65.360168071,0.1842806556
2020-05-01,250507.290859933,5464.825395701,8259.496507346,20819.17998867,4.007460263,45.545855812,0.2260188825
2020-05-01,262033.762536435,3519.002246938,4680.137564234,11964.525217717,3.483978249,47.505444091,0.2435134058
2020-05-01,217500.0,669.0,1116.0,2008.0,3.0,29.0,0.2614541833
2020-05-01,265000.0,6342.0,10207.0,22440.0,3.5,37.0,0.2221479501
2020-05-01,270000.0,233.0,384.0,1252.0,5.4,50.0,0.1549520767
2020-05-01,211656.688350665,595.699060555,916.540066628,1870.040518138,3.321770351,35.923988619,0.2731310583
2020-05-01,238000.0,1405.0,2788.0,6194.0,4.4,35.0,0.1861478851
2020-05-01,217704.412163499,1132.8344246,2193.042073216,5777.762516175,5.285429004,42.431254696,0.1885539762
2020-05-01,280000.0,4035.0,5919.0,12986.0,3.2,38.0,0.2398737101
2020-06-01,258327.992344508,3743.186677039,5573.051807736,10617.973752409,3.016215744,43.791393011,0.2611479451
2020-06-01,245999.688803968,5918.115540306,9913.519457731,19642.489384361,3.546976686,42.41275104,0.2412227807
2020-06-01,285000.0,5128.0,7285.0,12242.0,2.4,33.0,0.3032184284
2020-06-01,269000.0,8084.0,12941.0,22255.0,2.8,33.0,0.2786340148
2020-06-01,232000.0,1905.0,3761.0,6730.0,3.5,34.0,0.2441307578
2020-06-01,217000.0,810.0,1312.0,1960.0,2.4,30.0,0.2989795918
2020-06-01,212315.503120485,1384.126000406,2933.763148225,6190.947065233,4.773015172,42.184253079,0.206334906
2020-06-01,205212.716170798,612.894991494,1013.293056662,1732.767676381,3.04399718,37.157428922,0.2777925292
2020-06-01,290000.0,242.0,583.0,1323.0,5.5,36.0,0.1995464853
2020-07-01,300000.0,6771.0,7355.0,11751.0,1.7,26.0,0.314951919
2020-07-01,240000.0,2559.0,4274.0,7681.0,3.0,25.0,0.2749641974
2020-07-01,280000.0,10858.0,13649.0,22705.0,2.1,25.0,0.2968949571
2020-07-01,226858.933342812,2090.460975283,3654.774784453,7046.715612036,3.606658995,30.409441448,0.2164363643
2020-07-01,284345.462280191,5297.301363153,5869.047548163,9804.409106555,2.042972554,36.595505686,0.2571991932
2020-07-01,225000.0,1183.0,1405.0,1921.0,1.6,21.0,0.3295158771
2020-07-01,305000.0,345.0,615.0,1352.0,3.9,31.0,0.2211538462
2020-07-01,221450.078895468,917.15808508,1157.588489551,1653.268707042,1.825086787,25.261776325,0.2897507403
2020-07-01,268207.494751277,8642.190456185,10606.085418823,19694.410606264,2.45523979,34.795500321,0.2434306758
2020-08-01,227583.164053012,2355.45277778,3939.021365382,7864.622485236,3.460219926,26.693630583,0.236265199
2020-08-01,285000.0,11029.0,12886.0,22656.0,2.1,22.0,0.2916225282
2020-08-01,334000.0,353.0,681.0,1416.0,4.0,28.0,0.2245762712
2020-08-01,308000.0,6862.0,6824.0,10995.0,1.6,22.0,0.2923146885
2020-08-01,221329.482883707,1025.448241477,1205.341959226,1656.605067594,1.651277505,21.30445515,0.2677512157
2020-08-01,298015.319239846,6021.420628253,6111.782173926,9402.888150192,1.712331747,30.719439511,0.2386563685
2020-08-01,277893.033359378,9771.821875403,11134.552365328,20156.266155386,2.196230194,29.927670991,0.2384571097
2020-08-01,228000.0,2631.0,4065.0,8352.0,3.2,23.0,0.2959770115
2020-08-01,226000.0,1183.0,1316.0,1893.0,1.6,19.0,0.3206550449
2020-09-01,223629.006787911,2406.97188407,3638.244177492,8181.167313884,3.479836945,27.101386203,0.2161420411
2020-09-01,300000.0,6328.0,6537.0,10683.0,1.7,21.0,0.2981372274
2020-09-01,231837.098976303,1046.153695196,1185.109582656,1670.704007289,1.624778604,20.53761402,0.2722550465
2020-09-01,303469.90550675,6017.483382981,6138.699309431,9265.091530812,1.67611644,26.583322216,0.2378756089
2020-09-01,276000.0,10300.0,12132.0,22818.0,2.2,22.0,0.2945919888
2020-09-01,231000.0,1110.0,1197.0,1902.0,1.7,19.0,0.332807571
2020-09-01,281455.220369957,9882.790803188,11109.457057416,20336.089997743,2.135944866,27.086574183,0.2325288264
2020-09-01,215000.0,2447.0,3731.0,8779.0,3.6,24.0,0.2934274974
2020-09-01,355000.0,415.0,667.0,1454.0,3.5,27.0,0.227647868
2020-10-01,234302.357835118,1078.750662793,1134.777280182,1675.036030213,1.590148844,17.818463004,0.2724418805
2020-10-01,308992.544481351,6283.237792127,6343.608680624,9524.095099375,1.590939762,19.928900254,0.2402541026
2020-10-01,231000.0,1141.0,1049.0,1790.0,1.6,17.0,0.3374301676
2020-10-01,210000.0,2363.0,2975.0,8695.0,3.7,26.0,0.2706152961
2020-10-01,275000.0,10385.0,10651.0,22164.0,2.1,20.0,0.2869066955
2020-10-01,340000.0,463.0,579.0,1425.0,3.1,20.0,0.2231578947
2020-10-01,283426.337168017,10272.209821917,11398.723279716,20861.444262719,2.05009125,22.062318056,0.2272291387
2020-10-01,226384.030324668,2541.20392051,3535.295656162,8395.859171113,3.559720442,27.244769837,0.2060643753
2020-10-01,299000.0,6419.0,6048.0,10254.0,1.6,18.0,0.3010532475
2020-11-01,270000.0,8336.0,7091.0,19491.0,2.3,21.0,0.2219998974
2020-11-01,230000.0,932.0,720.0,1530.0,1.6,20.0,0.260130719
2020-11-01,292000.0,5207.0,3994.0,8851.0,1.7,19.0,0.2409897187
2020-11-01,198500.0,1820.0,1930.0,7773.0,4.3,27.0,0.200566062
2020-11-01,303299.602894524,6080.276613969,6252.86398755,9697.436295142,1.59066069,18.812384472,0.240019162
2020-11-01,218248.958294702,2354.840430802,3479.221728819,8158.708931053,3.624248191,26.811300489,0.2106857495
2020-11-01,237709.432666867,1083.10348628,1158.903705588,1672.135848516,1.472896677,19.408264794,0.2542803656
2020-11-01,319000.0,377.0,447.0,1337.0,3.5,25.0,0.1795063575
2020-11-01,281660.798301333,9946.843745377,11412.281956076,20917.256499546,2.072961841,20.668078526,0.2247849987
2020-12-01,268500.0,9116.0,5341.0,16559.0,1.8,25.0,0.1587052358
2020-12-01,224081.185274885,2420.163475305,3651.919069155,8122.460178709,3.510648643,32.587126735,0.2016109435
2020-12-01,304624.879954868,6091.90721686,6349.460903991,10229.67197223,1.513798617,16.058054569,0.2394470795
2020-12-01,203500.0,2044.0,1448.0,6744.0,3.3,38.0,0.1224792408
2020-12-01,284545.999118538,10077.286265813,11722.126093405,21344.817620876,2.039981824,19.686509943,0.2164253695
2020-12-01,286000.0,5610.0,2994.0,7415.0,1.3,20.0,0.1873229939
2020-12-01,320000.0,479.0,371.0,1182.0,2.5,28.0,0.1497461929
2020-12-01,232000.0,983.0,528.0,1218.0,1.2,23.0,0.1962233169
2020-12-01,238723.727504763,1101.446726329,1137.11262057,1650.667070894,1.350671838,20.628165229,0.2459739822
2021-01-01,270000.0,6155.0,8206.0,15551.0,2.5,33.0,0.1779306797
2021-01-01,288641.548471245,9815.416098228,11527.082168481,19843.058456027,1.898252941,18.661890329,0.2388348153
2021-01-01,314393.942617107,5720.895216046,6233.100453029,9239.656425182,1.474075944,13.311326854,0.2460741409
2021-01-01,232358.958020668,2633.523480635,3454.952307799,7647.860577849,3.028319343,33.050744496,0.2247627404
2021-01-01,215000.0,1545.0,2738.0,6607.0,4.3,44.0,0.1561979718
2021-01-01,230000.0,663.0,830.0,1117.0,1.7,33.0,0.2148612355
2021-01-01,290000.0,3614.0,4168.0,6720.0,1.9,28.0,0.1933035714
2021-01-01,242166.70848695,1076.954839988,1144.440394454,1499.19577255,1.289002576,24.346282554,0.2590143759
2021-01-01,325000.0,333.0,470.0,1107.0,3.3,26.0,0.1788617886
2021-02-01,215000.0,1660.0,2998.0,6537.0,3.9,56.0,0.1442557748
2021-02-01,274000.0,6070.0,8869.0,14955.0,2.5,38.0,0.1473754597
2021-02-01,234000.0,664.0,853.0,1024.0,1.5,28.0,0.1513671875
2021-02-01,290059.275461175,9227.056897172,9888.826642044,17520.352785573,1.940652794,19.690620494,0.2174805285
2021-02-01,295000.0,3404.0,4563.0,6307.0,1.9,33.0,0.154114476
2021-02-01,325000.0,343.0,455.0,1087.0,3.2,43.0,0.1251149954
2021-02-01,227823.803507708,2476.144065098,2838.900511564,6945.631777933,2.949056194,39.710467826,0.2134587234
2021-02-01,313623.972090771,5301.204968807,5329.636932318,7894.667692487,1.414580422,12.189556846,0.2294385158
2021-02-01,238369.37090989,1016.264764509,930.547628088,1261.49433428,1.206590258,21.356137162,0.2161461536
2021-03-01,300000.0,9306.0,13639.0,15829.0,1.7,27.0,0.1846610651
2021-03-01,322191.004525068,5411.810679828,6247.600732032,7629.807331064,1.322157417,14.574354085,0.2190887084
2021-03-01,235048.023841457,2676.935069574,3299.173011189,6778.606729952,2.686394723,37.455834716,0.2259156951
2021-03-01,243245.899690778,1006.950941971,1075.227749722,1150.493980314,1.184638045,16.866401157,0.2007262389
2021-03-01,323000.0,5086.0,7247.0,6853.0,1.3,21.0,0.1723332847
2021-03-01,250000.0,2834.0,4348.0,6756.0,2.4,40.0,0.2048549438
2021-03-01,246000.0,953.0,1300.0,1061.0,1.1,18.0,0.1611687088
2021-03-01,295824.775183135,9569.716871081,11540.498146879,16863.303644617,1.805382381,21.266754225,0.2195041855
2021-03-01,350000.0,433.0,744.0,1159.0,2.7,35.0,0.1630716135
2021-04-01,326455.326280318,5274.349206517,6276.424596573,7709.602506801,1.531610829,16.364165814,0.2091627844
2021-04-01,262750.0,3407.0,4444.0,7046.0,2.1,23.0,0.2056485949
2021-04-01,297839.107987825,9598.424850903,11575.027667168,17052.839396594,1.926828673,20.905470134,0.2121830051
2021-04-01,339898.0,5576.0,8044.0,7961.0,1.4,12.0,0.1675668886
2021-04-01,246113.773679658,984.999384274,1142.463657706,1183.930645494,1.257075681,10.112280154,0.2160841783
2021-04-01,352250.0,446.0,849.0,1387.0,3.1,22.0,0.1578947368
2021-04-01,235307.038694381,2793.383567063,3323.897485371,6781.4117732,2.563015949,25.891032756,0.2225749354
2021-04-01,311600.0,10489.0,14815.0,17612.0,1.7,15.0,0.1830570066
2021-04-01,251000.0,1060.0,1478.0,1218.0,1.1,9.0,0.183908046
2021-05-01,298590.083822945,9713.96274136,11489.419029951,16746.346411793,1.862639719,18.784798708,0.2120767391
2021-05-01,254674.03995037,1034.75172032,1112.423014348,1144.376527442,1.269792313,8.596695066,0.1933859784
2021-05-01,329032.335131935,5407.694779641,6251.613403275,7387.347002779,1.470125864,15.920378127,0.2199103032
2021-05-01,260000.0,3405.0,4055.0,7134.0,2.1,20.0,0.204373423
2021-05-01,348000.0,5936.0,7888.0,8403.0,1.4,8.0,0.1995715816
2021-05-01,265000.0,1121.0,1396.0,1301.0,1.2,7.0,0.1752498078
2021-05-01,238852.503338494,2742.262347019,3233.429792488,6717.341111744,2.510023745,23.766391276,0.211796538
2021-05-01,315000.0,10902.0,14080.0,18366.0,1.7,11.0,0.196341065
2021-05-01,391450.0,440.0,741.0,1528.0,3.5,17.0,0.1603403141
2021-06-01,350000.0,7369.0,8436.0,9646.0,1.3,7.0,0.2520215633
2021-06-01,260000.0,3764.0,4390.0,7437.0,2.0,17.0,0.2408229125
2021-06-01,296763.620551333,9612.992594458,11509.9510787,17629.567681123,2.022496988,17.799590219,0.2130038177
2021-06-01,383500.0,532.0,828.0,1658.0,3.1,17.0,0.2195416164
2021-06-01,265000.0,1351.0,1464.0,1451.0,1.1,7.0,0.210889042
2021-06-01,321553.424542933,5377.74211025,6262.678752445,8036.286947286,1.634646868,16.093723131,0.2221639433
2021-06-01,239537.733831571,2745.104513103,3404.633248336,6898.010979918,2.629881384,21.092441122,0.2050647164
2021-06-01,320000.0,13016.0,15118.0,20192.0,1.6,9.0,0.2420760697
2021-06-01,253496.583164817,1032.569058572,1157.940787922,1219.095904698,1.362296139,8.632432371,0.1939847837
2021-07-01,375000.0,497.0,784.0,1804.0,3.6,14.0,0.215631929
2021-07-01,245000.0,3459.0,3942.0,7628.0,2.2,17.0,0.2473780808
2021-07-01,232764.962961207,2945.322233355,3436.405573418,6994.441540297,2.586787086,20.864676975,0.2016331073
2021-07-01,331716.704488321,5279.901554022,6277.455202106,8698.748688715,1.820094811,17.021327207,0.223329285
2021-07-01,298374.621777442,9623.622339296,11475.266437676,18614.842992559,2.119833239,19.470600595,0.2141176592
2021-07-01,255000.0,1262.0,1428.0,1642.0,1.3,8.0,0.2777101096
2021-07-01,312000.0,11702.0,13969.0,21700.0,1.9,11.0,0.2588479263
2021-07-01,248937.294645293,1011.528598526,1172.018860259,1366.320750386,1.425446613,9.600071517,0.2433150819
2021-07-01,348000.0,6484.0,7815.0,10626.0,1.6,8.0,0.2720685112
2021-08-01,250744.636557772,968.419034913,1136.136236825,1370.630602235,1.517591608,11.174015938,0.2565965582
2021-08-01,340000.0,6445.0,6770.0,10407.0,1.6,11.0,0.3064283655
2021-08-01,253000.0,1169.0,1249.0,1596.0,1.4,10.0,0.3139097744
2021-08-01,329274.057307924,5361.353575075,6158.727193507,8836.871041493,1.800294473,18.340810618,0.2419469121
2021-08-01,231771.277892686,2715.306676393,3265.769869496,6868.780120967,2.671766757,25.371663851,0.2033694737
2021-08-01,305000.0,11204.0,12167.0,21167.0,1.9,14.0,0.2856805405
2021-08-01,230000.0,3125.0,3424.0,7355.0,2.4,22.0,0.260774983
2021-08-01,385000.0,465.0,724.0,1809.0,3.9,19.0,0.2470978441
2021-08-01,298826.681697968,9450.023443686,11197.202544007,18632.223613817,2.090747602,20.391735565,0.2253282099
2021-09-01,234994.1824386,2729.095079365,3320.041409398,6708.472970311,2.519110181,24.742663912,0.1925862847
2021-09-01,226000.0,2767.0,3399.0,7305.0,2.6,22.0,0.2607802875
2021-09-01,323940.494964436,5467.238978857,6043.254822415,8801.18535898,1.762354172,17.732496741,0.2349043859
2021-09-01,250000.0,1116.0,1184.0,1583.0,1.4,11.0,0.2969046115
2021-09-01,293000.0,9953.0,11512.0,20945.0,2.1,15.0,0.2808784913
2021-09-01,297919.169639117,9735.434808501,11169.93280829,18551.992351596,2.004294993,18.945492086,0.2172315654
2021-09-01,320000.0,5609.0,6171.0,10198.0,1.8,13.0,0.3014316533
2021-09-01,249885.83822044,1040.753345697,1129.794242997,1341.157071879,1.329512452,11.855956857,0.2352086328
2021-09-01,383500.0,461.0,758.0,1859.0,4.0,22.0,0.2366863905
2021-10-01,372280.0,500.0,639.0,1749.0,3.5,29.0,0.2349914237
2021-10-01,257302.978488374,1026.522392768,1180.854354397,1304.87767843,1.330973512,13.588753993,0.2171227631
2021-10-01,220000.0,2477.0,2797.0,6756.0,2.7,27.0,0.2612492599
2021-10-01,250000.0,1037.0,1020.0,1404.0,1.4,13.0,0.2799145299
2021-10-01,301752.900298292,9807.555481938,11069.927397229,18091.360161674,1.901151447,20.788069595,0.2169390083
2021-10-01,293000.0,9563.0,9894.0,19315.0,2.0,20.0,0.2777116231
2021-10-01,325144.178634209,5566.83368736,5974.929428674,8688.862578368,1.644710621,19.314452286,0.2324871698
2021-10-01,235502.255384774,2777.858903124,3372.655250971,6458.175220292,2.417863542,28.331252636,0.2014587722
2021-10-01,315000.0,5549.0,5438.0,9406.0,1.7,18.0,0.2978949607
2021-11-01,220500.0,2414.0,1807.0,5860.0,2.4,31.0,0.1976109215
2021-11-01,320750.0,5068.0,4071.0,8148.0,1.6,20.0,0.2423907707
2021-11-01,254000.0,1005.0,772.0,1217.0,1.2,15.0,0.2144617913
2021-11-01,260209.137932104,1127.376483924,1184.710726143,1354.678424246,1.161237641,14.579353835,0.199273276
2021-11-01,365000.0,466.0,562.0,1620.0,3.5,31.0,0.1888888889
2021-11-01,238978.263374002,3004.805427043,3099.562082277,6246.331581519,2.172069818,30.759327929,0.1928625887
2021-11-01,293000.0,8953.0,7212.0,16845.0,1.9,22.0,0.2193529237
2021-11-01,304410.617953218,10124.228914105,11004.297462079,18141.740367115,1.788980241,20.91096217,0.2029674592
2021-11-01,332284.485706512,5626.582985785,6005.626410497,8984.271914712,1.549436739,20.155957965,0.2182983386
2021-12-01,241948.553142063,2719.289364266,3187.192302069,6371.836978943,2.39524555,32.108032119,0.1826516789
2021-12-01,260582.694531537,1070.063665101,927.414591732,1474.415276599,1.175833915,13.672126138,0.1748799353
2021-12-01,334543.859132433,5660.915591538,5855.57347659,9972.132213148,1.576164692,19.769119631,0.2012403578
2021-12-01,307323.672820351,9943.740711792,10604.960064178,19485.950097624,1.87908605,20.434988263,0.187932043
2021-12-01,375000.0,541.0,318.0,1411.0,2.6,34.0,0.156626506
2021-12-01,250000.0,988.0,426.0,1021.0,1.0,15.0,0.1302644466
2021-12-01,290000.0,9137.0,4822.0,14604.0,1.6,26.0,0.1431114763
2021-12-01,220000.0,2284.0,1275.0,4993.0,2.2,37.0,0.1149609453
2021-12-01,315000.0,5324.0,2803.0,7179.0,1.3,23.0,0.1620002786
2022-01-01,337896.464218455,5764.437840703,5669.734350266,11304.985745394,1.870803778,13.274018462,0.1694755252
2022-01-01,376500.0,400.0,464.0,1553.0,3.9,37.0,0.1313586607
2022-01-01,263386.221153618,1038.961914525,949.693701951,1713.322900031,1.603647777,18.616139415,0.1234775106
2022-01-01,290000.0,6339.0,7537.0,17848.0,2.8,32.0,0.1096481398
2022-01-01,236481.02146149,3113.45244036,3203.965080355,7177.439988475,2.379596911,32.470132444,0.1320032009
2022-01-01,255000.0,617.0,705.0,1350.0,2.2,25.0,0.08148148148
2022-01-01,309487.8029203,10448.663351991,10499.743664724,22119.605969836,2.03784291,17.904393701,0.1636419863
2022-01-01,312500.0,3492.0,3809.0,8808.0,2.5,27.0,0.1213669391
2022-01-01,220000.0,1830.0,2559.0,6137.0,3.4,43.0,0.09369398729
2022-02-01,275337.466388429,896.873740185,919.644162215,1955.166297445,2.346956033,33.606502312,0.1166010918
2022-02-01,291000.0,6182.0,9161.0,21728.0,3.5,52.0,0.08008100147
2022-02-01,240795.03956355,2799.434395559,3088.978918264,8077.306099954,3.113249125,46.57280841,0.1177531104
2022-02-01,318000.0,392.0,506.0,1674.0,4.3,66.0,0.09318996416
2022-02-01,230000.0,1893.0,3250.0,7670.0,4.1,63.0,0.07822685789
2022-02-01,337196.640434397,5139.483506366,5533.451089817,12232.504732297,2.382445056,28.705642371,0.157527501
2022-02-01,318000.0,3311.0,4569.0,10666.0,3.2,48.0,0.08372398275
2022-02-01,271000.0,586.0,836.0,1718.0,2.9,43.0,0.05355064028
2022-02-01,306779.548034522,9363.678133197,10242.496266024,24268.901002228,2.722171001,35.685394684,0.1476888817
2022-03-01,307706.23464178,9019.757931665,10144.416864035,24734.455435177,2.848427109,51.24651152,0.1379671368
2022-03-01,243297.431896687,2706.215702958,3047.494738796,8171.339789059,3.126351841,52.204336913,0.1234697192
2022-03-01,282000.0,891.0,1218.0,1941.0,2.2,47.0,0.05048943843
2022-03-01,277811.576324827,929.607537717,987.040157167,2016.694959592,2.362121491,44.385038009,0.09101196061
2022-03-01,310000.0,8792.0,12470.0,23757.0,2.7,53.0,0.09736077788
2022-03-01,360000.0,463.0,779.0,1819.0,3.9,70.0,0.1231445849
2022-03-01,257750.0,2897.0,3977.0,8150.0,2.8,53.0,0.1084662577
2022-03-01,340000.0,4541.0,6496.0,11847.0,2.6,53.0,0.09377901578
2022-03-01,339817.676303755,4838.49495379,5526.48024338,12612.043205148,2.614902558,48.761165858,0.1469599512
2022-04-01,347342.065535387,4776.048343666,5427.286643968,12679.121278878,2.72436976,53.181521935,0.1548120462
2022-04-01,390750.0,471.0,797.0,1984.0,4.2,61.0,0.1325604839
2022-04-01,313123.786307863,8980.504296509,9931.044903678,24718.366557017,2.953832223,54.520808196,0.1421412436
2022-04-01,285000.0,940.0,1172.0,2083.0,2.2,43.0,0.06192990879
2022-04-01,327500.0,9511.0,12507.0,25294.0,2.7,49.0,0.1002213964
2022-04-01,279025.633513634,923.722807434,953.17009951,2049.142160196,2.391834523,48.003316075,0.1005401351
2022-04-01,360000.0,4902.0,6705.0,12933.0,2.6,49.0,0.09974483878
2022-04-01,242959.342777426,2714.248816393,2965.244320815,8028.16563405,3.050212858,54.807267102,0.118947113
2022-04-01,269250.0,3198.0,3833.0,8294.0,2.6,50.0,0.1029659995
2022-05-01,241696.06860232,2594.525278283,2853.998295643,7745.45454374,2.967967402,58.435053162,0.1307047788
2022-05-01,281259.590433766,905.068851564,983.693181159,2084.761882868,2.445136438,52.860542719,0.106812101
2022-05-01,347363.259275557,4618.532041102,5337.127349804,13041.091349693,2.870504804,55.267917808,0.1620647801
2022-05-01,312527.625334703,8619.480328934,9671.598448829,24829.299867992,2.997713149,56.444502461,0.1500628052
2022-05-01,328000.0,10205.0,12882.0,26510.0,2.6,49.0,0.129649189
2022-05-01,262500.0,3349.0,3674.0,8163.0,2.4,50.0,0.1269141247
2022-05-01,290000.0,1026.0,1247.0,2231.0,2.2,44.0,0.08830121022
2022-05-01,386000.0,470.0,767.0,2059.0,4.4,61.0,0.1437591064
2022-05-01,366667.0,5360.0,7194.0,14057.0,2.6,48.0,0.1359465035
2022-06-01,260000.0,3376.0,3612.0,8052.0,2.4,49.0,0.1648037755
2022-06-01,293770.0,1132.0,1292.0,2321.0,2.1,44.0,0.1469194313
2022-06-01,314342.100204759,8298.011726684,9520.188960213,24849.993576832,3.103842227,56.337900064,0.1628721044
2022-06-01,386000.0,466.0,812.0,2192.0,4.7,58.0,0.1920620438
2022-06-01,340000.0,11021.0,13165.0,27341.0,2.5,48.0,0.179839801
2022-06-01,349614.352137721,4528.171081756,5266.777374188,13177.370122814,2.996763998,56.32028102,0.1755894187
2022-06-01,239338.293278113,2468.357374754,2796.989159817,7512.79544944,3.15500085,59.094985413,0.1422421766
2022-06-01,280212.753569587,856.069396947,980.925847911,2078.084516432,2.582701495,53.198566918,0.133032808
2022-06-01,380000.0,6047.0,7449.0,14776.0,2.4,48.0,0.1915944775
2022-07-01,277383.676073384,826.616072586,923.082749891,2014.077586222,2.411676273,53.322759901,0.132707475
2022-07-01,253500.0,2517.0,2919.0,7872.0,3.1,50.0,0.1669207317
2022-07-01,325000.0,8970.0,10799.0,27550.0,3.1,49.0,0.2002177858
2022-07-01,280000.0,985.0,1043.0,2274.0,2.3,45.0,0.1591908531
2022-07-01,338025.475975974,4185.142978545,5061.231563357,13278.484399889,3.320431941,56.993009257,0.1896614893
2022-07-01,242116.925223363,2233.931305638,2611.198259396,7239.100524267,3.373851535,59.809495073,0.1415711588
2022-07-01,355000.0,5009.0,6181.0,15186.0,3.0,49.0,0.2231002239
2022-07-01,310131.45829353,7651.29592479,9091.748955167,24543.263083489,3.368282214,56.648003124,0.1703447809
2022-07-01,375000.0,459.0,656.0,2218.0,4.8,62.0,0.2055906222
2022-08-01,229900.0,2438.0,2544.0,7318.0,3.0,53.0,0.1727247882
2022-08-01,275500.0,992.0,947.0,2122.0,2.1,48.0,0.198397738
2022-08-01,310000.0,8986.0,9327.0,25927.0,2.9,53.0,0.2196551857
2022-08-01,370000.0,424.0,584.0,2148.0,5.1,72.0,0.20716946
2022-08-01,338400.796804678,4146.863513787,4742.387147924,12789.503701776,3.276192341,59.456036629,0.1858601869
2022-08-01,232598.739907027,2047.22396851,2386.416116913,6832.827445865,3.489120136,59.706143997,0.1331504334
2022-08-01,350000.0,5132.0,5252.0,14339.0,2.8,53.0,0.2488318572
2022-08-01,271896.299983995,802.924223749,838.781740774,1890.109338524,2.343116158,53.107754365,0.1406356046
2022-08-01,303987.958198082,7371.175125061,8564.393316118,23431.084652937,3.302910175,58.603420598,0.1632219908
2022-09-01,305000.0,7881.0,8581.0,24959.0,3.2,57.0,0.2188789615
2022-09-01,308742.054617588,7419.362215654,8465.043758988,22544.592884011,3.186225851,60.133727108,0.1615578363
2022-09-01,370000.0,407.0,528.0,2044.0,5.0,73.0,0.2054794521
2022-09-01,338781.586960649,4164.805997617,4737.948696814,12559.029269459,3.145102,61.939793056,0.178559873
2022-09-01,277242.71818303,750.812388534,828.26131446,1815.01480628,2.421609391,54.570809444,0.1386256726
2022-09-01,274500.0,843.0,865.0,2033.0,2.4,51.0,0.1982292179
2022-09-01,335000.0,4442.0,4845.0,13939.0,3.1,58.0,0.2391132793
2022-09-01,240803.190602806,2159.473127543,2294.621743966,6347.550891701,3.216407094,62.623012432,0.139840218
2022-09-01,232000.0,2189.0,2343.0,6943.0,3.2,57.0,0.1888232752
2022-10-01,239240.755771964,1998.328648052,2163.987079349,5995.964295622,3.115536458,61.675880083,0.1340382496
2022-10-01,377500.0,362.0,502.0,1941.0,5.4,74.0,0.2266872746
2022-10-01,224950.0,1777.0,1805.0,6293.0,3.5,59.0,0.1757508343
2022-10-01,300000.0,6579.0,7214.0,23390.0,3.6,61.0,0.225096195
2022-10-01,338667.893665115,3868.193627633,4619.290506126,12554.127258427,3.359319371,63.32469659,0.1868302763
2022-10-01,309129.588187659,6982.905748179,8218.622742868,22174.273713755,3.275787625,61.13547115,0.1680113029
2022-10-01,275000.0,744.0,736.0,1890.0,2.5,53.0,0.2211640212
2022-10-01,279168.866228811,763.503317854,819.370806831,1772.376243362,2.280566299,55.098656917,0.1591582263
2022-10-01,329000.0,3696.0,4171.0,13266.0,3.6,63.0,0.2489823609
2022-11-01,325000.0,3415.0,3015.0,11845.0,3.5,62.0,0.2195863233
2022-11-01,304791.383358173,6670.270743395,7945.656601944,22331.378251987,3.387378817,59.757910771,0.1694022749
2022-11-01,239481.2406398,1850.572533684,2314.236527762,6109.374385147,3.420207336,60.509164155,0.1357369726
2022-11-01,336274.06440994,3783.615218921,4403.302111032,12663.248772976,3.391179674,61.725048962,0.1878050958
2022-11-01,294000.0,5857.0,5265.0,21005.0,3.6,61.0,0.193382528
2022-11-01,272512.624254969,744.42069946,793.137911245,1772.569112113,2.376713918,53.400547468,0.1767031636
2022-11-01,265000.0,657.0,509.0,1640.0,2.5,55.0,0.1951219512
2022-11-01,222250.0,1485.0,1393.0,5723.0,3.9,61.0,0.144679364
2022-11-01,325500.0,300.0,348.0,1797.0,6.0,77.0,0.1764051196
2022-12-01,315000.0,3246.0,2006.0,9729.0,3.0,66.0,0.1487305992
2022-12-01,228290.174086351,1774.310407945,2089.024412846,6092.817028225,3.557564526,55.571797395,0.1354821711
2022-12-01,335053.534940007,3590.879405976,4335.048123843,12498.230057084,3.443186319,62.119539515,0.1827622099
2022-12-01,303518.174576362,6248.249277199,7775.707926213,22137.678860625,3.483019811,59.343745653,0.1663510683
2022-12-01,278127.314340689,631.503721736,736.721160704,1801.838501483,2.731736017,53.212804792,0.1573387078
2022-12-01,285000.0,5558.0,3452.0,17363.0,3.1,65.0,0.1276277141
2022-12-01,341250.0,318.0,284.0,1563.0,4.9,84.0,0.1311580294
2022-12-01,205000.0,1430.0,821.0,4714.0,3.3,63.0,0.08697496818
2022-12-01,270000.0,564.0,341.0,1357.0,2.4,58.0,0.1134856301
2023-01-01,267750.0,392.0,518.0,1376.0,3.5,66.0,0.1206395349
2023-01-01,305000.0,2163.0,3094.0,9957.0,4.6,76.0,0.1618961535
2023-01-01,285000.0,3861.0,5737.0,17890.0,4.6,76.0,0.1391839016
2023-01-01,305188.880149708,6051.643643457,7711.667644431,22088.868653621,3.528760125,61.384813557,0.1737961435
2023-01-01,278150.234853714,630.824533748,698.112844098,1749.742230685,2.692424912,49.812007764,0.1544175498
2023-01-01,331348.225908389,3383.563386442,4345.513909261,12435.564081137,3.619257921,62.247720293,0.19161298
2023-01-01,350000.0,250.0,352.0,1523.0,6.1,87.0,0.1437951412
2023-01-01,227500.0,1056.0,1773.0,5034.0,4.8,78.0,0.09813269766
2023-01-01,243258.193288989,1739.431540484,2182.953494157,6074.07588957,3.484684219,59.170613123,0.1306017248
2023-02-01,241934.401176678,1826.581461803,2010.650731868,5843.620307629,3.35615209,52.209714025,0.1306738695
2023-02-01,280000.0,451.0,628.0,1471.0,3.3,62.0,0.08769544528
2023-02-01,306491.305030962,6494.90902007,7411.130940765,21325.289999454,3.427454354,60.337771982,0.1723408557
2023-02-01,233000.0,1243.0,2095.0,5437.0,4.4,68.0,0.08865183005
2023-02-01,330000.0,233.0,382.0,1545.0,6.6,104.0,0.1346278317
2023-02-01,284532.158844865,690.245460071,696.544669895,1708.09778193,2.682411042,49.709915525,0.1460383588
2023-02-01,290000.0,4301.0,6548.0,18799.0,4.4,76.0,0.1173466674
2023-02-01,314990.0,2374.0,3443.0,10346.0,4.4,79.0,0.1342547845
2023-02-01,334623.502150389,3674.555917624,4139.282927467,11898.516728694,3.275864708,60.819122761,0.1926101225
2023-03-01,281471.987233314,692.819783495,719.935532936,1677.634100512,2.571646916,47.99093056,0.1328354627
2023-03-01,330000.0,318.0,489.0,1501.0,4.7,97.0,0.1532311792
2023-03-01,332613.738519975,3859.270113173,4183.14760334,11244.628829935,2.931970751,57.865657472,0.178157974
2023-03-01,306939.246995263,6867.026844481,7457.559223156,20165.093322946,3.059175489,57.060996775,0.158061435
2023-03-01,309000.0,6828.0,8699.0,19088.0,2.8,57.0,0.1254191115
2023-03-01,255000.0,2116.0,2604.0,5521.0,2.6,54.0,0.1045100525
2023-03-01,242120.765771836,1964.501921569,2038.871380055,5541.681662,2.964026546,55.101354545,0.1194282549
2023-03-01,282500.0,687.0,869.0,1581.0,2.3,50.0,0.09550917141
2023-03-01,332000.0,3707.0,4737.0,10485.0,2.8,60.0,0.1370529328
2023-04-01,290000.0,659.0,803.0,1648.0,2.5,44.0,0.09041262136
2023-04-01,328822.031537085,3826.469168875,4089.854130213,10573.801842073,2.917244718,57.732901172,0.1725915231
2023-04-01,340000.0,3667.0,4618.0,10826.0,3.0,53.0,0.1190652134
2023-04-01,307957.887477963,6735.046973613,7325.002235193,19019.495117206,2.938242966,56.767083038,0.1529251169
2023-04-01,245896.630413063,1780.196188081,2024.478661657,5317.618041914,3.012222972,55.333764184,0.1118143893
2023-04-01,282591.988493997,694.028365105,672.214950642,1597.586024099,2.483183505,49.394547568,0.1324013563
2023-04-01,383000.0,327.0,484.0,1516.0,4.6,75.0,0.1253298153
2023-04-01,270000.0,2016.0,2496.0,5584.0,2.8,50.0,0.09401862464
2023-04-01,320000.0,6669.0,8401.0,19574.0,2.9,51.0,0.1099417595
2023-05-01,341422.571228777,3575.262976295,4048.543647788,10116.816250326,2.985016587,57.291174059,0.1550363924
2023-05-01,245200.35933668,1817.229487691,2103.756420784,5193.015999166,2.963505031,53.606127819,0.1097754212
2023-05-01,370000.0,359.0,574.0,1584.0,4.4,70.0,0.1470959596
2023-05-01,289718.333764064,677.420438855,723.204443292,1566.866257949,2.504923037,52.292947025,0.1028982401
2023-05-01,329995.0,7852.0,9490.0,20044.0,2.6,49.0,0.1230293355
2023-05-01,300000.0,786.0,937.0,1720.0,2.2,44.0,0.08662790698
2023-05-01,360000.0,4280.0,5235.0,11129.0,2.6,50.0,0.1328960374
2023-05-01,265000.0,2428.0,2744.0,5611.0,2.3,46.0,0.10818036
2023-05-01,314274.360145651,6434.361630414,7347.907044833,18383.651118168,3.097985745,56.2109573,0.1392441812
2023-06-01,299757.35934616,662.278909713,683.619553594,1435.798422381,2.347726573,52.561484706,0.09643930663
2023-06-01,344568.384533631,3585.022861659,4082.607060155,9393.418334842,2.846508791,57.032679316,0.1442479826
2023-06-01,311000.0,917.0,893.0,1655.0,1.8,44.0,0.1081570997
2023-06-01,345000.0,8704.0,9420.0,19780.0,2.3,48.0,0.1390798787
2023-06-01,381500.0,376.0,555.0,1617.0,4.3,63.0,0.1447124304
2023-06-01,249535.594563037,1790.817063613,2096.304978972,4991.920246963,3.124633121,54.315699027,0.1125607808
2023-06-01,376000.0,4973.0,5312.0,10977.0,2.2,49.0,0.1495854969
2023-06-01,318605.140438367,6310.414452331,7318.831603839,17259.679100487,2.976034004,55.675975735,0.1304464077
2023-06-01,270000.0,2438.0,2660.0,5531.0,2.3,46.0,0.125836196
2023-07-01,365000.0,4086.0,4765.0,10967.0,2.7,50.0,0.1633081061
2023-07-01,347556.083202567,3558.752821843,4098.278168326,9082.997658273,2.882336117,57.341035697,0.1421130471
2023-07-01,337300.0,7202.0,8419.0,19719.0,2.7,49.0,0.1500583194
2023-07-01,254836.023488584,1805.959199432,2152.801115633,4874.978954563,2.912886478,53.742036192,0.1134575539
2023-07-01,399000.0,389.0,462.0,1557.0,4.0,64.0,0.1676300578
2023-07-01,265000.0,2030.0,2380.0,5507.0,2.7,46.0,0.1294715816
2023-07-01,322318.683206437,6352.056949362,7374.932689155,16731.811658617,2.814208791,55.673314257,0.1304007943
2023-07-01,299838.246496587,606.37598281,699.635125205,1409.843744315,2.41044216,51.730947307,0.09288753518
2023-07-01,306000.0,697.0,812.0,1688.0,2.4,44.0,0.115521327
2023-08-01,310325.186513392,648.996950212,763.752482231,1445.980677829,2.335128647,49.435535196,0.09185762557
2023-08-01,390000.0,389.0,509.0,1529.0,3.9,63.0,0.1857423152
2023-08-01,352719.19812906,3536.411305927,4184.500280942,9194.158788525,2.892603269,55.093590601,0.1452780862
2023-08-01,255500.0,2209.0,2355.0,5322.0,2.4,48.0,0.1418639609
2023-08-01,335000.0,7764.0,8489.0,19265.0,2.5,49.0,0.1752400727
2023-08-01,315000.0,812.0,883.0,1691.0,2.1,45.0,0.1454760497
2023-08-01,327481.227799132,6387.137319081,7549.944199634,16748.017278493,2.825390681,54.16331876,0.130381456
2023-08-01,365000.0,4354.0,4742.0,10723.0,2.5,49.0,0.1951879138
2023-08-01,257929.423374835,1852.1316839,2198.645476475,4837.786543054,2.771604232,53.255382718,0.1125763048
2023-09-01,250000.0,1900.0,2146.0,5222.0,2.7,48.0,0.1503255458
2023-09-01,312008.762370321,660.27878075,723.804222027,1431.737228437,2.304583737,46.780139738,0.09757138721
2023-09-01,353523.819008781,3536.105698998,4140.192432196,9253.893622323,2.817998759,54.863698608,0.1499523122
2023-09-01,320000.0,6578.0,7562.0,19025.0,2.9,50.0,0.176977661
2023-09-01,350000.0,3652.0,4206.0,10619.0,2.9,51.0,0.195216122
2023-09-01,258674.394921866,1949.858938992,2116.110333551,4627.335732212,2.597195308,51.940075535,0.1174556504
2023-09-01,323689.757077645,6421.762202345,7447.686391628,16616.143528654,2.784471754,52.975359907,0.1343882286
2023-09-01,370000.0,325.0,487.0,1535.0,4.7,69.0,0.1719869707
2023-09-01,310000.0,701.0,723.0,1649.0,2.4,44.0,0.1503941783
2023-10-01,295000.0,661.0,654.0,1553.0,2.3,47.0,0.1577591758
2023-10-01,263085.463599677,1759.517810692,2199.838929332,4807.195138947,2.858796055,49.348217261,0.1250124217
2023-10-01,315000.0,6203.0,6965.0,18397.0,3.0,52.0,0.19008534
2023-10-01,324174.590151204,6247.829964471,7447.108944929,17129.315544252,2.874962307,52.480428384,0.1363163668
2023-10-01,301825.470407696,648.281525045,716.473285023,1445.955710018,2.208468523,48.68783996,0.09433326526
2023-10-01,354070.799596059,3537.5815658,4085.077626396,9505.456145929,2.845185789,55.345428987,0.1505279402
2023-10-01,250000.0,1628.0,1927.0,5104.0,3.1,47.0,0.1671238245
2023-10-01,370000.0,339.0,468.0,1527.0,4.5,66.0,0.1741977734
2023-10-01,345000.0,3575.0,3916.0,10213.0,2.9,55.0,0.2093410359
2023-11-01,328979.556467721,6181.853862439,7725.174529395,18580.015062213,2.960186107,52.016653442,0.1500311586
2023-11-01,306081.174518471,645.750646046,726.426752321,1488.139455555,2.271473168,49.455938149,0.1300914429
2023-11-01,358701.030993045,3435.921999111,4318.9933193,10505.196090762,3.078854449,53.647387381,0.1657609668
2023-11-01,347750.0,3027.0,3181.0,9703.0,3.2,54.0,0.197052458
2023-11-01,246000.0,1418.0,1411.0,4678.0,3.3,49.0,0.1387345019
2023-11-01,320000.0,5336.0,5470.0,17200.0,3.2,53.0,0.1736627907
2023-11-01,375000.0,315.0,388.0,1452.0,4.6,68.0,0.1563360882
2023-11-01,261408.12267262,1759.823084078,2272.536243374,5064.18015579,2.914836065,48.777480191,0.1285721129
2023-11-01,299900.0,576.0,490.0,1367.0,2.4,51.0,0.1485003658
2023-12-01,262400.009385623,1829.051598112,2231.871503406,5185.51882634,2.736956629,48.890053374,0.1171662463
2023-12-01,325566.108838251,6175.798759069,7598.616316829,19137.915166918,2.958581883,51.544309077,0.1534354227
2023-12-01,350005.267067924,3376.439942918,4179.986706997,10897.059906014,3.015211732,53.617054113,0.1656667652
2023-12-01,330000.0,2975.0,1996.0,8148.0,2.7,58.0,0.1298478154
2023-12-01,240000.0,1426.0,874.0,3807.0,2.7,55.0,0.07538744418
2023-12-01,375000.0,368.0,266.0,1219.0,3.3,72.0,0.1378178835
2023-12-01,295000.0,534.0,385.0,1142.0,2.1,51.0,0.1077057793
2023-12-01,306566.527298983,625.991511611,889.362717915,1601.954553019,2.298192585,46.860488607,0.1531419585
2023-12-01,305670.0,5303.0,3521.0,14316.0,2.7,57.0,0.1141380274
2024-01-01,240000.0,1075.0,1781.0,4235.0,3.9,65.0,0.08902007084
2024-01-01,254195.478231565,1705.071459551,2150.083613414,5274.880291141,2.985054162,49.522355499,0.1132958513
2024-01-01,335000.0,2253.0,2707.0,8071.0,3.6,65.0,0.1386445298
2024-01-01,308000.0,397.0,533.0,1172.0,3.0,58.0,0.1228668942
2024-01-01,364000.0,259.0,343.0,1200.0,4.6,84.0,0.1391666667
2024-01-01,361748.834645626,3417.44265972,3552.071916061,10536.622198688,2.94556929,51.297274499,0.1570915729
2024-01-01,331550.545875667,6058.934331954,6721.661714813,18884.107393618,2.94371347,50.677616572,0.1454427482
2024-01-01,316677.733625538,624.185697035,701.79428853,1538.649111551,2.381998829,44.141129406,0.1500011865
2024-01-01,312000.0,3984.0,5364.0,14678.0,3.7,65.0,0.1231094155
2024-02-01,334666.166265549,6476.477008938,7739.316529449,19028.560601144,2.780686215,50.53077832,0.1442043523
2024-02-01,313746.270806282,744.699897141,754.23443162,1507.622642709,2.067769774,44.072223135,0.1341400975
2024-02-01,262000.0,1293.0,2469.0,5103.0,3.9,61.0,0.0877914952
2024-02-01,305000.0,513.0,731.0,1340.0,2.6,54.0,0.08880597015
2024-02-01,341500.0,2415.0,3932.0,8974.0,3.7,69.0,0.1215734344
2024-02-01,385000.0,249.0,439.0,1258.0,5.1,84.0,0.1224165342
2024-02-01,318000.0,4470.0,7571.0,16675.0,3.7,65.0,0.1086656672
2024-02-01,269213.95047357,1800.864671669,2256.370831689,5509.148288958,2.944196084,47.649212209,0.1224033318
2024-02-01,360967.451813611,3610.71005218,4263.245565233,10516.80260024,2.657165966,51.928018693,0.1577516484
2024-03-01,324990.0,621.0,813.0,1453.0,2.3,45.0,0.09291121817
2024-03-01,368782.821260543,3621.533699219,4156.731221687,10172.890411927,2.893343868,49.962398988,0.1591931843
2024-03-01,339000.0,5896.0,8055.0,17585.0,3.0,50.0,0.1078760307
2024-03-01,387500.0,304.0,448.0,1299.0,4.3,63.0,0.1239414935
2024-03-01,272000.0,1785.0,2508.0,5415.0,3.0,48.0,0.09492151431
2024-03-01,259944.260674866,1785.570954774,2152.823213529,5435.261222675,3.032475723,48.619290592,0.1136687457
2024-03-01,324145.898322483,677.853600351,727.655611315,1556.959355461,2.382634415,43.643148795,0.1354003213
2024-03-01,368000.0,3187.0,4286.0,9418.0,3.0,53.0,0.1155234657
2024-03-01,337070.628302488,6464.102032374,7544.573633204,18627.668380468,2.959034406,49.865113153,0.1441946805
2024-04-01,322209.840620112,698.977134035,716.996159223,1535.192883526,2.411754805,48.438645138,0.1214310783
2024-04-01,337599.035205633,6431.18222014,7594.918751231,18192.22435418,2.965166684,54.368786013,0.1472203702
2024-04-01,380000.0,3749.0,5150.0,10294.0,2.7,48.0,0.1286186128
2024-04-01,287000.0,2309.0,2833.0,5604.0,2.4,45.0,0.1159885796
2024-04-01,264846.259271157,1893.405704002,2131.300358495,5337.041645628,2.986623445,52.178083456,0.1251276028
2024-04-01,349000.0,7130.0,9408.0,18827.0,2.6,47.0,0.1215275933
2024-04-01,369469.273599827,3501.512746342,4191.2706103,10040.920203034,2.869035786,55.253176064,0.1630953551
2024-04-01,387000.0,354.0,518.0,1352.0,3.8,61.0,0.1294378698
2024-04-01,330000.0,718.0,907.0,1577.0,2.2,43.0,0.08814204185
2024-05-01,332500.0,815.0,947.0,1676.0,2.1,44.0,0.1026252983
2024-05-01,340061.868643458,6313.541908469,7641.976060432,18135.628122561,3.051720049,53.862932822,0.1473768136
2024-05-01,368078.003379651,3482.81177533,4230.408981378,9952.227164754,3.073253664,55.146137741,0.1615778757
2024-05-01,291000.0,2397.0,2783.0,5700.0,2.4,46.0,0.1273684211
2024-05-01,355000.0,7818.0,9776.0,19731.0,2.5,47.0,0.1341543764
2024-05-01,324400.781181896,670.434680335,728.182269175,1530.403207882,2.474437064,51.944897343,0.1190724746
2024-05-01,425000.0,365.0,540.0,1390.0,3.8,58.0,0.1316546763
2024-05-01,271832.29152305,1803.558861155,2157.667452123,5281.579362874,3.101947957,53.498233685,0.1274209673
2024-05-01,386000.0,4241.0,5506.0,10965.0,2.6,48.0,0.1430916553
2024-06-01,413000.0,4178.0,4957.0,11296.0,2.7,48.0,0.1509383853
2024-06-01,292000.0,2197.0,2582.0,5821.0,2.6,47.0,0.1252362137
2024-06-01,348887.809741608,6020.53905695,7674.750886937,17830.12706392,3.114890144,55.027393335,0.1446662697
2024-06-01,375000.0,7465.0,8994.0,20334.0,2.7,48.0,0.1396675519
2024-06-01,326364.172917798,620.47244335,763.729059956,1531.8075434,2.611075855,52.19963621,0.1275314249
2024-06-01,381124.858788605,3340.10585938,4203.66504785,9719.048850534,3.105080628,55.630208444,0.1593274866
2024-06-01,271638.219639064,1751.339141653,2182.862377632,5281.940236389,3.099014431,54.636422275,0.1210012216
2024-06-01,340000.0,758.0,930.0,1767.0,2.3,44.0,0.1307300509
2024-06-01,403000.0,332.0,525.0,1450.0,4.4,66.0,0.1213793103
2024-07-01,324957.479598025,620.615356091,766.760209616,1549.81705087,2.610659565,49.159032468,0.1234270447
2024-07-01,400000.0,380.0,521.0,1500.0,3.9,62.0,0.1566666667
2024-07-01,280000.0,2173.0,2472.0,5711.0,2.6,47.0,0.150761688
2024-07-01,272018.258548144,1795.989328408,2174.297493085,5079.624345602,3.041387783,53.958368529,0.1269452975
2024-07-01,365000.0,7750.0,8867.0,20320.0,2.6,49.0,0.1709645669
2024-07-01,400000.0,4433.0,4957.0,11285.0,2.5,49.0,0.1862649535
2024-07-01,382477.413883898,3538.173511087,4219.93932009,9414.848986526,2.917937283,55.752440113,0.1565959851
2024-07-01,349012.035529518,6293.723550837,7669.963754954,17307.834725338,2.958188569,54.855854168,0.1435194621
2024-07-01,330000.0,764.0,917.0,1824.0,2.4,42.0,0.1524122807
2024-08-01,272772.287978853,1873.143449442,2221.712775484,5005.559196187,2.99847499,53.811674158,0.1308291969
2024-08-01,325000.0,808.0,857.0,1766.0,2.2,47.0,0.1704416761
2024-08-01,270000.0,2147.0,2308.0,5489.0,2.6,49.0,0.1574057205
2024-08-01,377490.025375805,3377.843363686,4273.558778839,9543.999228672,3.078911841,55.539852595,0.1551700023
2024-08-01,351500.0,7383.0,8290.0,19798.0,2.7,50.0,0.1786038994
2024-08-01,321071.39513837,645.365918747,752.650210248,1534.066219534,2.462980628,51.321577004,0.1230309446
2024-08-01,390000.0,4084.0,4618.0,11060.0,2.7,50.0,0.1933996383
2024-08-01,408500.0,344.0,507.0,1483.0,4.3,61.0,0.1564396494
2024-08-01,345631.307536419,6165.111457185,7736.935500919,17309.577405652,3.0187617,54.649371623,0.1445302294
2024-09-01,380000.0,3438.0,4343.0,11261.0,3.3,52.0,0.2054879673
2024-09-01,429500.0,322.0,467.0,1470.0,4.6,70.0,0.1619047619
2024-09-01,383818.213017228,3452.471211683,4270.111267674,9904.560385102,3.141953956,55.849709796,0.1650767796
2024-09-01,318500.0,638.0,797.0,1831.0,2.9,52.0,0.1993446204
2024-09-01,352011.079301911,6094.163602669,7761.25792762,18038.487478904,3.154886258,55.610941132,0.1508986799
2024-09-01,270000.0,1628.0,2326.0,5806.0,3.6,52.0,0.1598346538
2024-09-01,279830.427708732,1681.285528447,2257.061669436,5211.667317303,3.311075033,55.736329416,0.1285156865
2024-09-01,350000.0,6026.0,7933.0,20368.0,3.4,53.0,0.1885801257
2024-09-01,321246.260205614,616.766206159,796.458543332,1610.40195801,2.684411383,54.91562929,0.1477676861
2024-10-01,400000.0,340.0,467.0,1434.0,4.2,65.0,0.170153417
2024-10-01,324364.994336438,651.008412858,792.010076281,1703.486402746,2.645533675,51.673174536,0.1291387016
2024-10-01,278046.039607304,1826.187497876,2253.372774685,5333.259883819,3.064331856,53.471775331,0.1290015091
2024-10-01,319500.0,688.0,765.0,1831.0,2.7,50.0,0.1955215729
2024-10-01,349503.665515561,6231.927268976,7822.240213668,18837.091378992,3.146139662,54.572521577,0.144924185
2024-10-01,265000.0,1759.0,2060.0,5630.0,3.2,51.0,0.1719360568
2024-10-01,378541.987273058,3445.650625307,4346.659078189,10523.936979068,3.127573107,55.681592901,0.1577625123
2024-10-01,340000.0,6367.0,7669.0,20125.0,3.2,54.0,0.1982608696
2024-10-01,370000.0,3580.0,4377.0,11230.0,3.1,55.0,0.2156723063
2024-11-01,284618.726543245,1959.781496484,2271.016419546,5490.922706354,2.911672005,53.553869068,0.130355405
2024-11-01,385897.1288137,3613.401746059,4238.952091184,11053.648244201,3.055650488,55.339288258,0.1627101264
2024-11-01,356458.191213128,6563.055697237,7724.643923375,19665.708168723,2.978249804,54.972329341,0.1489330604
2024-11-01,270000.0,1527.0,1385.0,5105.0,3.3,54.0,0.133986288
2024-11-01,375000.0,3210.0,3004.0,10261.0,3.2,56.0,0.1835103791
2024-11-01,347644.5,5696.0,5276.0,18343.0,3.2,56.0,0.1638772284
2024-11-01,415000.0,359.0,335.0,1303.0,3.6,71.0,0.1450498849
2024-11-01,333005.954015358,679.338404487,852.645114642,1818.715183317,2.676627837,51.427876636,0.136604997
2024-11-01,325000.0,600.0,552.0,1674.0,2.8,53.0,0.1499402628
2024-12-01,385000.0,301.0,275.0,1159.0,3.9,64.0,0.1190681622
2024-12-01,375000.0,3179.0,2122.0,8516.0,2.7,61.0,0.1384452795
2024-12-01,259500.0,1564.0,933.0,4182.0,2.7,61.0,0.09445241511
2024-12-01,358254.075962131,6446.963898902,7839.867165902,19985.043693413,2.993558553,55.294287819,0.1537901277
2024-12-01,394467.076638339,3556.162334133,4322.513958286,11254.674301524,3.057756326,56.049113437,0.1678191153
2024-12-01,320000.0,607.0,395.0,1371.0,2.3,57.0,0.1050328228
2024-12-01,340000.0,5651.0,3725.0,15228.0,2.7,61.0,0.1218150775
2024-12-01,329892.491524075,704.929960137,870.629813991,1822.755071129,2.555397581,52.399662792,0.1463367937
2024-12-01,280302.71406853,1920.638137227,2298.172497957,5560.466153584,2.846177603,54.105246318,0.1386093521
2025-01-01,291726.524971498,1935.967889884,2216.661423018,5515.861298575,2.881875182,53.344216542,0.1418329607
2025-01-01,386907.86889697,3571.43188716,4213.667102082,11152.887724372,3.032766357,55.74270874,0.1747889267
2025-01-01,356063.091973417,6535.916718167,7647.928939347,20013.323858952,2.945487171,55.488633566,0.161150824
2025-01-01,370000.0,263.0,358.0,1145.0,4.4,77.0,0.1449781659
2025-01-01,335804.531553005,724.820526368,782.687778525,1806.064039479,2.481196193,51.874423646,0.1537513741
2025-01-01,335000.0,4368.0,5927.0,15746.0,3.6,70.0,0.1422583513
2025-01-01,360000.0,2397.0,3143.0,8693.0,3.6,70.0,0.1589784884
2025-01-01,325000.0,483.0,599.0,1432.0,3.0,68.0,0.1270949721
2025-01-01,280000.0,1225.0,1827.0,4476.0,3.7,70.0,0.1139410188
2025-02-01,329760.839346979,713.188683977,734.196567707,1748.045970515,2.623021787,46.963002222,0.1848289167
2025-02-01,394114.334811904,3731.705454529,4259.729947761,10931.890206959,2.903592387,53.346500707,0.1809930604
2025-02-01,325000.0,466.0,657.0,1511.0,3.2,57.0,0.1323626737
2025-02-01,359907.553926128,6720.113063828,7714.87584667,19648.673274094,2.972077729,53.918517976,0.1661747624
2025-02-01,285817.298295616,1988.752259047,2231.397601686,5405.071798344,2.786202612,53.970591804,0.1352620566
2025-02-01,375000.0,2422.0,3792.0,9393.0,3.9,70.0,0.1348876823
2025-02-01,400000.0,213.0,440.0,1233.0,5.8,75.0,0.1346309813
2025-02-01,280000.0,1373.0,2348.0,4999.0,3.6,69.0,0.09361872374
2025-02-01,345000.0,4474.0,7237.0,17136.0,3.8,68.0,0.1225490196
2025-03-01,360000.0,5747.0,8572.0,18373.0,3.2,53.0,0.1434713982
2025-03-01,389918.942355683,3460.382668151,4198.570697657,10784.741400408,3.069740438,55.242381121,0.1894176145
2025-03-01,442250.0,268.0,515.0,1316.0,4.9,68.0,0.1390577508
2025-03-01,389000.0,2996.0,4494.0,10032.0,3.3,56.0,0.1527113238
2025-03-01,335264.699097815,686.847103723,742.31286422,1707.393358894,2.684460894,51.568992167,0.1827341969
2025-03-01,340000.0,607.0,852.0,1622.0,2.7,53.0,0.1424167694
2025-03-01,358868.789096825,6365.607896165,7657.118108087,19412.640312878,3.122369395,54.657003422,0.1735306791
2025-03-01,300000.0,1876.0,2711.0,5403.0,2.9,47.0,0.1277068295
2025-03-01,287556.540998875,1875.107593085,2239.52044148,5423.007932946,3.014138498,50.211211118,0.1488011718
2025-04-01,370000.0,6818.0,9600.0,19825.0,2.9,47.0,0.1489029004
2025-04-01,401000.0,3688.0,5202.0,10869.0,2.9,49.0,0.1542000184
2025-04-01,415000.0,306.0,531.0,1395.0,4.6,59.0,0.1555555556
2025-04-01,282365.604886611,1758.138674507,2250.814449998,5513.674482106,3.146297143,50.924985309,0.1490248652
2025-04-01,338030.435741455,676.521558698,790.321169858,1733.346958643,2.794154524,50.812275654,0.1650717545
2025-04-01,345000.0,688.0,974.0,1780.0,2.6,45.0,0.1325842697
2025-04-01,390744.234006522,3525.07326291,4237.888022704,10615.018569169,3.083258874,54.671342878,0.1848816196
2025-04-01,303500.0,2136.0,2893.0,5781.0,2.7,45.0,0.1425358934
2025-04-01,358740.895682767,6329.909164138,7711.030903004,19229.618134768,3.203754254,53.391472049,0.1709024246
2025-05-01,349445.0,760.0,991.0,1915.0,2.5,45.0,0.1430809399
2025-05-01,338458.96153625,646.337751454,761.373018393,1761.194927672,2.842105329,53.04041423,0.1629117144
2025-05-01,392486.060045082,3486.333058038,4272.930277481,10690.626429435,3.244822116,55.282126321,0.1867204647
2025-05-01,410000.0,4088.0,5596.0,11705.0,2.9,48.0,0.1648013669
2025-05-01,465000.0,352.0,528.0,1415.0,4.0,58.0,0.154770318
2025-05-01,303000.0,2261.0,2774.0,5913.0,2.6,45.0,0.1405377981
2025-05-01,360487.645083089,6212.26122979,7731.105217393,19259.865641816,3.26537922,54.934471709,0.171557751
2025-05-01,375000.0,7461.0,9889.0,20948.0,2.8,48.0,0.1552892878
2025-05-01,284520.497021317,1775.483456612,2208.20684878,5494.186249341,3.288342886,52.576781096,0.1433886759
2025-06-01,338140.33338346,671.776609879,759.699099493,1703.885490755,2.632623041,53.265056709,0.1545929391
2025-06-01,288832.526096378,1833.645046138,2142.205883057,5251.929586734,2.997605737,54.416693597,0.1425626138
2025-06-01,450000.0,367.0,526.0,1466.0,4.0,58.0,0.1691678035
2025-06-01,358786.337986223,6300.388193336,7617.108352125,18577.179615472,3.132884121,54.94458563,0.1695932606
2025-06-01,309000.0,2385.0,2564.0,5791.0,2.4,47.0,0.1514418926
2025-06-01,425000.0,4489.0,5133.0,11847.0,2.6,48.0,0.18215582
2025-06-01,385000.0,8098.0,9168.0,21030.0,2.6,48.0,0.1708987161
2025-06-01,393221.360576488,3466.916618372,4202.078960277,10271.903637571,3.156952741,55.743144458,0.1843629244
2025-06-01,350000.0,857.0,945.0,1926.0,2.2,45.0,0.1619937695
2025-07-01,410000.0,4362.0,4912.0,11700.0,2.7,49.0,0.2155555556
2025-07-01,392804.090519706,3493.820651072,4211.459219672,9835.629915396,3.116284271,55.708211601,0.1863420958
2025-07-01,339900.0,799.0,909.0,1923.0,2.4,47.0,0.1716068643
2025-07-01,290000.0,2212.0,2404.0,5651.0,2.6,49.0,0.1620952044
2025-07-01,375000.0,7698.0,8723.0,20758.0,2.7,50.0,0.1945274111
2025-07-01,283617.234026049,1831.265811293,2141.047742609,5020.036015556,3.01266458,55.788814037,0.1387893231
2025-07-01,334130.613021422,640.905940051,745.208653739,1635.473429422,2.600221951,54.827706818,0.1432901073
2025-07-01,361155.823676572,6262.841687339,7631.061176466,17710.900738942,3.046431636,55.589254397,0.1684781387
2025-07-01,430000.0,325.0,498.0,1484.0,4.6,58.0,0.1826145553
2025-08-01,375000.0,7135.0,7721.0,20119.0,2.8,51.0,0.1957850788
2025-08-01,366278.154380781,6178.189978502,7587.20866235,17697.850555738,3.047273175,55.466270131,0.1689083542
2025-08-01,341467.154344265,633.04867596,758.624134199,1641.695508196,2.678791571,54.413789734,0.1401347057
2025-08-01,450000.0,355.0,477.0,1473.0,4.1,62.0,0.1765105227
2025-08-01,342000.0,757.0,799.0,1858.0,2.5,50.0,0.1824542519
2025-08-01,400094.042076685,3428.804584875,4181.220853135,9812.181774404,3.106660391,56.301987488,0.1863888414
2025-08-01,412750.0,4040.0,4280.0,11323.0,2.8,51.0,0.2169036474
2025-08-01,291987.04259052,1801.027134229,2149.194322267,4981.998543617,2.993845743,54.745239538,0.1409786913
2025-08-01,289000.0,1983.0,2165.0,5465.0,2.8,50.0,0.1619396157
2025-09-01,340000.0,705.0,789.0,1844.0,2.6,50.0,0.1865509761
2025-09-01,286226.28930707,1848.748374097,2234.735182704,4995.827633438,2.93932004,53.617822576,0.1414934003
2025-09-01,447800.0,310.0,504.0,1500.0,4.8,67.0,0.1826666667
2025-09-01,391000.0,3582.0,4333.0,11217.0,3.1,53.0,0.2259071053
2025-09-01,395171.462787078,3425.06643055,4218.518145767,9864.45454633,3.054756117,57.275656501,0.1822511711
2025-09-01,275000.0,1856.0,2387.0,5590.0,3.0,50.0,0.1774597496
2025-09-01,340968.559829591,657.901892132,760.882001643,1619.078660713,2.52229528,52.700421957,0.1321139508
2025-09-01,365777.302494117,6193.825283648,7675.63734698,17697.124492109,3.000600115,54.684458919,0.1648881371
2025-09-01,360000.0,6453.0,8013.0,20151.0,3.1,52.0,0.2054488611
2025-10-01,335000.0,666.0,801.0,1831.0,2.7,51.0,0.2190060076
2025-10-01,280000.0,1844.0,2056.0,5265.0,2.9,52.0,0.1838556505
2025-10-01,293435.897821212,1909.648927339,2224.14179963,4968.188970304,2.821056797,54.522309376,0.1416745376
2025-10-01,343388.807701369,609.167727612,838.308076299,1724.434366767,2.748899307,52.684631433,0.1527102602
2025-10-01,400000.0,3763.0,4201.0,10682.0,2.8,55.0,0.2424639581
2025-10-01,407860.439238709,3545.661756296,4221.470045441,9977.425121179,2.941168575,56.386534911,0.1869102951
2025-10-01,420000.0,364.0,502.0,1494.0,4.1,62.0,0.1847389558
2025-10-01,372487.615106857,6387.580756968,7707.219150802,18091.699216465,2.948522231,54.739117832,0.1681384367
2025-10-01,367000.0,6637.0,7560.0,19272.0,2.9,54.0,0.2196450809
2025-11-01,347585.981140591,689.227645884,809.95083182,1762.994527894,2.534756411,51.499366708,0.1482378917
2025-11-01,417500.0,288.0,361.0,1404.0,4.9,67.0,0.150997151
2025-11-01,294108.374878383,1848.799408367,2134.32835329,4981.790520022,2.672194892,55.375515596,0.1474937693
2025-11-01,358000.0,5114.0,4986.0,17308.0,3.4,56.0,0.1769701872
2025-11-01,400965.292097144,3466.468495189,4236.041581525,10461.674098017,3.012869629,55.057766382,0.1866565702
2025-11-01,369366.098820365,6317.712250836,7673.903046568,18648.404009056,2.927550199,54.997965747,0.1693339165
2025-11-01,279500.0,1388.0,1267.0,4596.0,3.3,56.0,0.1446910357
2025-11-01,390000.0,2870.0,2843.0,9673.0,3.4,56.0,0.199421069
2025-11-01,341000.0,568.0,515.0,1635.0,2.9,53.0,0.1571865443
2025-12-01,402765.191693377,3491.039978069,4192.720321212,10275.434008334,2.708764868,54.600723862,0.192598131
2025-12-01,450000.0,352.0,285.0,1159.0,3.3,77.0,0.1449525453
2025-12-01,383500.0,3220.0,2081.0,7540.0,2.3,60.0,0.1702917772
2025-12-01,355000.0,5761.0,3623.0,13432.0,2.3,61.0,0.1485259083
2025-12-01,282000.0,1576.0,891.0,3501.0,2.2,62.0,0.1148243359
2025-12-01,352913.86036648,695.526672079,784.99572548,1676.814262818,2.290082172,51.543538521,0.1524663706
2025-12-01,301775.043246404,1860.647774992,2140.831996749,4879.514879542,2.441835317,54.940223552,0.160819427
2025-12-01,344500.0,613.0,366.0,1232.0,2.0,56.0,0.1152597403
2025-12-01,371582.59632443,6374.373190259,7603.28678004,18205.986031945,2.642980504,55.246907946,0.1731865784
